洼	B
里	I
-	I
丰	I
城	E
一	B
带	E
，	S
由	S
南	S
向	S
北	S
常	S
夹	S
有	S
球	B
粒	I
流	I
纹	I
岩	E
、	S
流	B
纹	I
质	I
角	I
砾	I
熔	I
岩	E
、	S
砂	B
岩	E
及	S
粉	B
砂	I
岩	E
，	S
厚	B
度	E
2	B
2	I
4	I
.	I
4	I
m	E
，	S
与	S
下	B
伏	E
曲	B
格	I
庄	I
组	E
角	B
度	I
不	I
整	I
合	I
接	I
触	E
；	S
即	B
墨	I
区	I
莲	I
花	I
山	E
一	B
带	E
，	S
夹	S
流	B
纹	I
质	I
火	I
山	I
角	I
砾	I
岩	E
、	S
玄	B
武	I
粗	I
安	I
岩	E
、	S
玄	B
武	I
粗	I
安	I
质	I
集	I
块	I
岩	E
及	S
砂	B
砾	I
岩	E
，	S
厚	B
度	E
<	B
3	B
9	I
1	I
.	I
5	I
m	E
，	S
与	S
下	B
伏	E
曲	B
格	I
庄	I
组	E
或	S
杨	B
家	I
庄	I
组	E
角	B
度	E
不	B
整	I
合	E

（	S
二	S
）	S
地	B
层	E
划	B
分	E
及	B
其	E
特	B
点	E
。	S

为	S
一	B
套	E
含	S
石	B
墨	E
的	S
变	B
质	I
岩	I
系	E
，	S
局	B
部	E
夹	S
浅	B
粒	I
岩	E
、	S
石	B
英	I
岩	E
。	S

断	B
层	I
产	I
状	E
主	B
要	E
有	S
两	B
组	E
：	S
一	B
组	E
位	B
于	E
"	S
红	B
层	E
"	S
与	S
千	B
枚	I
岩	E
之	B
间	E
，	S
断	B
层	I
面	S
倾	B
向	E
北	B
西	E
，	S
倾	B
角	E
变	B
化	E
较	B
大	E
，	S
似	S
有	S
上	S
陡	S
、	S
下	S
缓	S
的	S
趋	B
势	E
；	S
另	B
一	I
组	E
位	B
于	E
上	B
述	E
断	B
层	E
邻	B
近	E
的	S
干	B
枚	I
岩	E
中	S
，	S
是	S
由	S
一	B
系	I
列	E
断	B
面	E
倾	B
向	E
南	B
东	E
的	S
叠	B
瓦	I
式	I
冲	I
断	I
层	E
所	S
组	B
成	E
。	S

另	S
据	S
有	B
关	E
资	B
料	E
，	S
南	B
昌	I
地	B
区	E
自	S
公	B
元	E
3	B
1	I
9	I
年	E
至	S
1	B
9	I
4	I
9	I
年	E
，	S
曾	S
发	B
生	E
过	S
1	B
3	I
次	E
有	B
感	I
弱	I
震	E
（	S
据	S
地	B
方	I
志	E
记	B
载	E
)	S
。	S

差	B
异	I
性	E
表	B
现	E
在	S
不	B
同	E
断	B
块	E
升	B
降	E
幅	B
度	E
上	S
的	S
差	B
异	E
，	S
或	S
上	B
升	I
区	E
局	B
部	E
下	B
降	E
，	S
下	B
降	I
区	E
局	B
部	E
上	B
升	E
。	S

3	S
、	S
石	B
前	I
庄	I
组	E
（	S
K	B
ŝ	I
q	I
）	E
石	B
前	I
庄	I
组	E
出	B
露	E
零	B
星	E
，	S
规	B
模	E
较	B
小	E
；	S
主	B
要	E
分	B
布	E
于	S
胶	B
州	I
市	I
河	I
套	I
镇	E
、	S
红	B
岛	E
、	S
青	B
岛	I
市	I
流	I
亭	I
-	I
即	I
墨	I
区	E
及	S
莱	B
西	I
市	I
毛	I
家	I
埠	E
等	S
地	S
。	S

该	S
带	S
向	S
西	S
、	S
向	S
北	B
东	E
均	S
延	S
出	S
区	S
外	S
，	S
而	S
区	S
内	S
基	B
底	I
地	I
层	E
基	B
本	E
未	S
出	B
露	E
，	S
晚	B
古	I
生	I
代	I
地	I
层	E
与	S
早	B
古	I
生	I
代	I
变	I
质	I
基	I
底	E
呈	S
断	B
层	I
接	I
触	E
，	S
区	B
域	E
上	S
直	B
接	E
不	B
整	I
合	E
覆	B
盖	E
于	S
变	B
质	I
基	I
底	E
之	B
上	E
。	S

1	S
、	S
岩	B
石	E
特	B
征	E
（	S
1	S
）	S
通	B
海	I
变	I
辉	I
石	I
橄	I
榄	I
岩	E
（	S
蛇	B
纹	I
岩	E
）	S
（	S
C	B
h	I
σ	E
）	S
岩	B
石	E
化	B
学	I
成	I
分	E
与	S
戴	B
里	I
纯	I
橄	I
榄	I
岩	I
值	E
相	B
比	E
，	S
S	B
i	I
O	E
、	S
A	B
l	I
O	E
、	S
F	B
e	I
O	I
+	I
F	I
e	I
O	E
略	S
高	S
，	S
M	B
g	I
O	E
、	S
C	B
a	I
O	E
略	S
低	S
，	S
属	S
超	B
基	I
性	I
岩	I
类	E
；	S
里	B
特	I
曼	I
指	I
数	E
远	S
小	B
于	E
1	B
.	I
8	E
，	S
属	S
钙	B
碱	I
性	I
系	I
列	I
岩	I
石	E
；	S
固	B
结	I
指	I
数	E
远	S
大	B
于	E
4	B
0	E
，	S
分	B
异	I
指	I
数	E
较	S
小	S
，	S
显	B
示	E
岩	B
石	E
为	S
幔	B
源	I
岩	I
浆	E
直	B
接	E
结	B
晶	E
的	S
，	S
且	S
分	B
异	I
程	I
度	E
很	S
低	S
，	S
氧	B
化	I
率	E
反	B
映	E
其	S
就	S
位	B
于	E
较	S
浅	S
的	S
相	B
对	I
氧	I
化	I
环	I
境	E
。	S

该	S
阶	B
段	E
本	S
区	S
气	B
候	E
和	S
沉	B
积	I
环	I
境	E
发	B
生	E
明	B
显	E
变	B
化	E
，	S
由	S
温	B
暖	E
湿	B
润	E
逐	B
渐	E
向	S
干	B
冷	E
变	B
化	E
；	S
东	B
部	E
山	B
区	E
出	B
现	E
山	B
麓	E
和	S
山	B
谷	I
冰	I
川	E
，	S
山	B
前	S
倾	B
斜	I
平	I
原	E
下	B
部	E
发	B
育	E
冰	B
碛	E
和	S
水	B
冰	I
沉	I
积	I
物	E
，	S
岩	B
性	E
为	S
棕	B
红	I
色	I
黏	I
土	E
或	S
混	B
土	I
砂	I
砾	I
石	I
夹	I
砂	I
层	E
，	S
厚	B
度	E
1	B
0	I
-	I
5	I
0	I
m	E
，	S
3	B
0	I
m	E
左	B
右	E
，	S
地	B
层	I
孢	I
粉	E
含	S
较	B
少	E
的	S
松	S
、	S
藜	S
、	S
蒿	S
等	S
。	S

基	B
质	E
粒	B
度	E
0	B
.	I
0	I
1	I
～	I
0	I
.	I
0	I
2	I
毫	I
米	E
。	S

根	B
据	E
我	S
单	B
位	E
以	B
往	E
地	B
质	I
调	I
查	E
数	B
据	E
及	S
已	S
完	B
成	E
的	S
《	S
青	B
岛	I
市	E
环	B
湾	I
保	I
护	E
、	S
拥	B
湾	I
发	I
展	E
地	B
质	I
环	I
境	I
评	I
价	E
》	S
项	B
目	E
成	B
果	E
，	S
对	S
胶	B
州	I
湾	I
第	I
四	I
纪	I
地	I
层	E
及	B
其	E
特	B
点	E
进	B
行	E
简	B
述	E
。	S

工	B
作	I
区	E
北	B
西	I
向	E
断	B
裂	E
可	S
进	B
一	I
步	E
分	B
为	E
两	B
组	E
：	S
一	S
组	S
呈	S
2	B
8	I
0	I
°	I
~	I
2	I
9	I
0	I
°	E
走	B
向	E
，	S
见	S
有	B
田	B
村	E
、	S
太	B
平	I
庄	E
、	S
蔚	B
竹	I
庵	E
、	S
石	B
老	I
人	E
等	S
断	B
裂	E
，	S
规	B
模	E
小	S
，	S
长	S
1	B
~	I
6	I
k	I
m	E
，	S
以	S
张	B
性	E
为	B
主	E
，	S
个	B
别	E
（	S
如	S
太	B
平	I
庄	I
断	I
裂	E
）	S
呈	S
左	B
行	I
压	I
扭	E
。	S

工	B
作	I
区	E
出	B
露	E
形	B
迹	E
比	B
较	E
清	B
楚	E
的	S
褶	B
皱	E
如	B
下	E
：	S

产	B
状	E
多	B
数	E
较	S
陡	S
，	S
偶	S
见	S
围	B
岩	I
蚀	I
变	I
现	I
象	E
，	S
如	S
绢	B
云	I
母	I
化	E
、	S
绿	B
泥	I
石	I
化	E
、	S
白	B
云	I
母	I
化	E
等	S
。	S

带	S
内	S
见	S
张	B
性	I
角	I
砾	I
岩	E
、	S
重	B
晶	I
石	I
脉	E
、	S
硅	B
化	I
岩	I
脉	E
，	S
将	S
近	S
东	B
西	I
向	E
断	B
裂	E
右	B
行	E
错	B
开	E
，	S
视	S
断	S
距	S
3	B
~	I
6	I
k	I
m	E
。	S

四	S
、	S
胶	B
州	I
湾	I
第	I
四	I
纪	I
地	I
层	E
。	S

北	B
东	I
向	E
断	B
裂	I
构	I
造	E
是	S
工	B
作	I
区	E
最	S
发	B
育	E
的	S
断	B
裂	I
系	I
统	E
之	B
一	E
，	S
规	B
模	E
较	B
大	E
有	S
牟	B
平	I
-	I
即	I
墨	I
断	I
裂	I
带	E
、	S
五	B
莲	I
-	I
青	I
岛	I
断	I
裂	I
带	E
及	S
近	B
岸	I
断	I
裂	I
带	E
。	S

在	S
本	S
工	B
作	I
区	E
主	B
要	E
以	S
北	B
北	I
西	I
向	E
断	B
裂	E
为	B
主	E
。	S

3	S
.	S
近	B
岸	I
断	I
裂	I
带	E
。	S

二	S
、	S
构	B
造	I
形	I
迹	E
。	S

副	B
矿	I
物	E
为	S
独	B
居	I
石	E
、	S
磷	B
钇	I
矿	E
、	S
磁	B
铁	I
矿	E
。	S

姑	B
嫂	I
城	I
-	I
贾	I
彬	I
断	I
裂	E
：	S
N	B
E	E
延	B
伸	E
，	S
长	S
约	S
1	B
3	I
k	I
m	E
，	S
倾	B
向	E
N	B
W	E
，	S
倾	B
角	E
7	B
0	I
°	E
。	S

斑	B
晶	I
斜	I
长	I
石	E
呈	S
半	B
自	I
形	I
板	I
状	E
，	S
长	S
径	S
2	B
～	I
2	I
.	I
5	I
m	I
m	E
，	S
具	S
弱	B
绢	I
云	I
母	I
化	E
；	S
基	B
质	E
呈	S
细	B
粒	I
花	I
岗	I
结	I
构	E
，	S
其	B
中	E
钾	B
长	I
石	E
呈	S
他	B
形	I
—	I
半	I
自	I
形	I
板	I
状	E
，	S
长	S
径	S
0	B
.	I
3	I
～	I
1	I
.	I
2	I
m	I
m	E
，	S
为	S
微	B
斜	I
长	I
石	E
及	S
微	B
斜	I
条	I
纹	I
长	I
石	E
，	S
具	S
微	B
弱	E
泥	B
化	E
；	S
斜	B
长	I
石	E
呈	S
半	B
自	I
形	I
板	I
状	E
，	S
长	S
径	S
0	B
.	I
2	I
～	I
1	I
.	I
5	I
m	I
m	E
，	S
具	S
微	B
弱	E
粘	I
土	I
化	E
；	S
石	B
英	E
呈	S
他	B
形	I
粒	I
状	E
，	S
粒	B
径	E
。	S

冲	B
积	I
相	I
地	I
层	E
（	S
Q	B
p	I
a	I
l	E
）	S
主	B
要	E
分	B
布	E
在	S
本	S
区	S
山	B
前	I
冲	I
积	I
扇	E
地	B
带	E
，	S
埋	B
深	E
-	B
7	I
0	I
m	I
至	S
-	B
1	I
5	I
0	I
m	E
，	S
层	B
厚	E
约	S
5	B
0	I
m	E
，	S
岩	B
性	E
在	S
扇	B
顶	E
部	B
位	E
为	S
砾	B
卵	I
石	E
、	S
砂	B
砾	I
石	I
层	E
（	S
砾	B
径	E
2	B
-	I
5	I
m	I
m	E
，	S
局	B
部	E
1	B
5	I
0	I
m	I
m	E
，	S
石	B
英	I
岩	I
砾	E
为	B
主	E
）	S
；	S
在	S
扇	S
中	S
向	S
西	S
，	S
岩	B
性	E
变	S
细	S
，	S
以	S
中	B
粗	I
砂	E
、	S
中	B
砂	I
层	E
为	B
主	E
；	S
至	S
扇	B
缘	E
为	S
细	B
颗	I
粒	I
黏	I
性	I
土	E
。	S

是	S
一	B
套	E
洪	B
冲	I
积	E
的	S
灰	B
紫	E
、	S
紫	B
红	I
色	I
调	I
粗	I
碎	I
屑	I
沉	I
积	I
岩	I
系	E
。	S

由	S
祥	B
山	I
变	I
粒	I
岩	I
段	E
至	S
定	B
国	I
寺	I
大	I
理	I
岩	I
段	E
海	B
水	E
由	S
浅	S
变	S
深	S
，	S
层	B
序	I
类	I
型	E
为	S
退	B
积	I
型	E
。	S

海	B
湾	E
中	B
西	I
部	E
沉	B
积	I
中	I
心	E
基	B
本	E
位	B
于	E
湾	S
中	B
心	E
，	S
与	S
两	B
岸	E
距	B
离	E
相	B
差	E
不	B
大	E
，	S
湾	B
东	I
岸	E
沉	B
积	I
中	I
心	E
靠	B
近	E
东	B
岸	E
，	S
形	B
成	E
以	S
湾	B
口	I
北	E
为	S
顶	B
点	E
的	S
“	B
V	I
”	I
型	E
分	B
布	I
中	I
心	E
。	S

（	S
1	S
）	S
青	B
山	I
向	I
斜	E
位	B
于	E
青	B
山	I
村	E
北	B
部	E
，	S
长	S
3	B
0	I
0	I
m	E
，	S
宽	S
1	B
5	I
0	I
m	E
，	S
北	B
翼	E
地	B
层	E
产	B
状	E
1	B
6	I
0	I
°	I
∠	I
5	I
2	I
°	E
，	S
南	B
翼	E
地	B
层	E
产	B
状	E
3	B
5	I
0	I
°	I
∠	I
2	I
5	I
°	E
。	S

祥	B
山	I
变	I
粒	I
岩	I
段	I
原	I
岩	E
属	S
正	B
常	I
沉	I
积	E
的	S
碎	B
屑	I
岩	E
及	S
钙	B
镁	I
硅	I
酸	I
盐	I
岩	E
。	S

据	S
前	S
所	B
述	E
，	S
北	B
东	E
走	B
向	E
的	S
赢	B
上	I
～	I
西	I
河	I
砖	I
瓦	I
厂	I
断	I
裂	I
带	E
，	S
北	B
北	I
西	E
走	B
向	E
的	S
杨	B
家	I
洲	I
～	I
蛟	I
溪	I
村	I
断	I
裂	E
、	S
分	B
别	E
割	B
切	E
了	S
第	B
四	I
系	E
或	S
控	B
制	E
了	S
泉	B
点	S
的	S
带	B
状	E
分	I
布	E
。	S

石	B
英	E
呈	S
它	B
形	I
粒	I
状	E
，	S
波	B
状	I
消	I
光	E
普	B
遍	E
，	S
具	S
重	B
结	I
晶	I
现	I
象	E
，	S
粒	B
径	E
2	B
.	I
4	I
～	I
3	I
.	I
2	I
m	I
m	E
。	S

二	B
者	E
均	S
分	B
布	E
于	S
黄	B
岛	I
区	I
黄	I
山	I
镇	E
一	B
带	E
。	S

从	S
区	B
域	I
资	I
料	E
分	B
析	E
，	S
该	S
方	B
向	E
断	B
裂	E
与	S
北	B
东	I
向	E
断	B
裂	E
构	B
成	E
共	B
轭	I
断	I
裂	I
系	I
统	E
，	S
为	S
近	S
南	B
北	I
向	E
挤	B
压	I
应	I
力	I
产	I
物	E
。	S

该	S
断	B
裂	E
在	S
区	B
域	E
上	S
属	B
于	E
牟	B
平	I
-	I
即	I
墨	I
断	I
裂	I
带	E
中	S
的	S
朱	B
吴	I
断	I
裂	E
的	S
一	B
部	I
分	E
，	S
是	S
青	B
岛	I
市	E
城	B
市	E
建	I
设	E
中	S
影	B
响	E
较	B
大	E
的	S
一	S
条	S
断	B
裂	E
，	S
分	B
布	E
于	S
工	B
作	I
区	E
中	B
北	I
部	E
，	S
由	S
即	B
墨	I
温	I
泉	E
进	B
入	E
工	B
作	I
区	E
，	S
经	S
铁	B
骑	E
后	S
、	S
夏	B
庄	E
、	S
丹	B
山	E
、	S
沧	B
口	E
延	S
入	S
胶	B
州	I
湾	E
。	S

第	B
一	I
节	E
，	S
地	B
形	I
地	I
貌	E
。	S

断	B
裂	E
总	B
体	E
走	B
向	E
6	B
5	I
°	E
，	S
倾	B
向	E
N	B
N	I
W	E
，	S
倾	B
角	E
6	B
5	I
°	I
～	I
8	I
0	I
°	E
。	S

出	B
露	E
于	S
规	B
划	I
区	E
西	B
部	E
的	S
梅	B
岭	I
村	I
—	I
九	I
溪	E
一	B
带	E
。	S

岩	B
性	E
多	S
为	S
卵	B
（	I
碎	I
）	I
石	E
、	S
砾	B
砂	E
、	S
中	B
粗	I
砂	E
夹	S
多	S
层	S
粉	B
质	I
粘	I
土	I
薄	E
层	S
；	S
褐	B
黄	I
色	E
，	S
湿	B
～	S
饱	B
和	E
，	S
稍	S
密	S
～	I
中	I
密	E
，	S
层	B
状	I
构	I
造	E
，	S
紧	B
密	I
结	I
构	E
，	S
粗	B
颗	I
粒	E
磨	B
圆	I
度	E
以	S
亚	B
角	I
状	E
为	B
主	E
，	S
分	B
选	E
中	B
等	E
。	S

区	S
内	S
的	S
主	B
要	E
片	B
岩	I
类	I
型	E
有	S
白	B
云	I
母	I
微	I
晶	I
片	I
岩	E
、	S
二	B
云	I
母	I
微	I
晶	I
片	I
岩	E
、	S
云	B
母	I
石	I
英	I
片	I
岩	E
、	S
石	B
英	I
云	I
母	I
片	I
岩	E
。	S

褶	B
皱	E
的	S
西	B
端	E
被	S
崂	B
山	I
顶	I
亚	I
超	I
单	I
元	I
太	I
清	I
宫	I
单	I
元	I
中	I
粒	I
碱	I
长	I
花	I
岗	I
岩	E
侵	B
入	E
；	S
褶	B
皱	E
的	S
东	B
端	E
为	S
海	B
水	E
所	S
覆	B
盖	E
；	S
褶	B
皱	E
的	S
南	B
翼	E
被	S
第	B
四	I
系	I
山	I
前	I
组	E
覆	B
盖	E
，	S
出	B
露	E
不	B
全	E
。	S

沉	B
积	I
间	I
断	I
面	E
标	B
志	E
：	S
海	B
水	E
的	S
侵	B
入	E
使	B
得	E
研	B
究	I
区	E
内	S
的	S
沉	B
积	I
环	I
境	E
完	B
全	E
发	B
生	E
变	B
化	E
，	S
沉	B
积	I
作	I
用	E
改	B
变	E
的	S
结	B
果	E
表	B
现	E
为	S
形	B
成	E
沉	B
积	I
间	I
断	I
面	E
，	S
该	S
间	B
断	I
面	E
以	S
不	B
整	B
合	E
或	S
假	B
整	I
合	E
为	S
特	B
征	E
；	S
海	B
进	E
初	B
期	E
的	S
波	B
浪	I
作	I
用	E
使	B
得	E
沉	B
积	I
物	E
表	I
面	E
形	B
成	E
富	B
含	E
砂	S
、	S
砾	S
和	S
贝	B
壳	E
的	S
砂	B
-	I
粉	I
砂	I
-	I
粘	I
土	I
质	E
的	S
海	B
侵	I
层	E
。	S

该	S
组	S
一	B
般	E
角	B
度	E
不	S
整	B
合	E
于	S
下	B
伏	E
基	B
岩	E
之	B
上	E
，	S
上	B
部	E
与	S
黑	B
土	I
湖	I
组	E
平	B
行	E
不	B
整	I
合	I
接	I
触	E
，	S
厚	B
度	E
一	B
般	E
3	B
～	I
1	I
5	I
m	E
不	B
等	E
。	S

胶	B
州	I
湾	I
基	I
岩	I
面	E
以	B
上	E
的	S
松	B
散	I
沉	I
积	I
物	E
较	S
薄	S
，	S
地	B
层	I
结	I
构	E
简	B
单	E
，	S
其	S
地	B
层	E
包	B
括	E
以	S
残	B
坡	I
积	E
、	S
洪	B
冲	I
积	E
为	B
主	E
及	S
后	B
期	E
以	S
河	B
湖	E
、	S
沼	B
泽	I
相	I
沉	I
积	E
为	B
主	E
的	S
晚	B
更	I
新	I
世	I
陆	I
相	I
地	I
层	E
和	S
以	S
滨	B
海	I
地	I
带	E
为	S
海	B
陆	I
交	I
互	I
相	S
的	S
全	B
新	I
世	I
海	I
相	I
地	I
层	E
。	S

在	S
东	B
部	E
低	B
山	I
-	I
丘	I
陵	I
区	E
有	S
洞	B
穴	I
堆	I
积	E
，	S
发	B
现	E
哺	B
乳	I
动	I
物	I
化	I
石	E
，	S
岩	B
性	E
为	S
棕	B
黄	E
、	S
棕	B
红	I
色	I
粉	I
质	I
黏	I
土	E
含	S
碎	B
石	I
层	E
、	S
角	B
砾	I
层	E
等	S
。	S

一	B
般	E
上	B
盘	E
为	S
活	B
动	I
盘	E
，	S
岩	B
石	E
被	S
破	B
坏	E
程	B
度	E
较	S
严	B
重	E
。	S

石	B
英	E
呈	S
他	B
形	I
粒	I
状	E
，	S
有	S
构	B
造	I
重	I
结	I
晶	E
，	S
呈	S
它	B
形	E
或	S
锯	B
齿	I
状	E
相	B
嵌	I
生	E
，	S
波	B
状	I
消	I
光	E
明	B
显	E
，	S
裂	B
纹	E
发	B
育	E
；	S
黑	B
云	I
母	E
为	S
薄	B
板	I
状	E
，	S
多	B
色	I
性	E
明	B
显	E
，	S
多	S
与	S
次	B
生	I
绢	I
云	I
母	E
等	S
沿	S
裂	B
隙	I
聚	I
晶	I
线	I
状	E
分	B
布	E
。	S

（	S
二	S
）	S
中	B
更	I
新	I
统	E
（	S
Q	B
p	E
）	S
。	S

下	B
伏	E
地	I
层	E
为	S
含	B
钙	I
质	I
结	I
核	E
的	S
砂	B
质	I
粘	I
土	I
层	E
，	S
其	B
间	E
为	S
不	B
整	I
合	I
界	I
面	E
。	S

另	S
据	S
环	B
境	I
地	I
质	I
大	I
队	I
资	I
料	E
，	S
在	S
南	B
昌	I
市	I
少	I
年	I
宫	E
之	S
"	S
红	B
层	E
"	S
钻	B
孔	E
中	S
有	S
卤	B
水	E
溢	B
出	E
，	S
且	S
矿	B
化	I
度	E
较	B
高	E
。	S

航	B
片	E
上	S
大	B
都	E
有	S
清	B
晰	E
的	S
线	B
性	I
构	I
造	E
显	B
示	E
，	S
在	S
物	B
探	E
和	S
遥	B
感	I
资	I
料	E
上	S
也	S
多	S
有	S
显	B
示	E
，	S
地	B
貌	E
上	S
大	B
都	E
发	B
育	E
在	S
正	S
、	S
负	B
地	I
形	E
的	S
交	B
界	I
处	E
。	S

（	S
1	S
）	S
宏	B
观	I
特	I
征	E
。	S

是	S
全	S
省	S
最	S
重	B
要	E
、	S
沉	B
积	E
厚	B
度	E
最	B
大	E
的	S
晚	B
古	I
代	E
以	B
来	E
的	S
沉	B
降	I
带	E
。	S

在	S
灯	B
塔	I
市	I
西	I
大	I
窑	E
甜	B
水	I
峪	I
南	I
山	E
发	B
现	E
C	B
a	I
l	I
v	I
i	I
n	I
e	I
l	I
l	I
a	E
碎	I
片	E
。	S

地	B
貌	I
类	I
型	E
齐	B
全	E
，	S
分	B
异	E
规	B
律	E
清	B
晰	E
，	S
层	B
状	I
地	I
貌	E
典	B
型	E
，	S
地	B
貌	E
分	B
区	E
规	B
整	E
，	S
由	S
南	S
至	S
北	S
大	B
致	E
为	S
中	B
山	I
区	E
、	S
低	B
山	I
区	E
、	S
丘	B
陵	I
区	E
、	S
台	B
地	I
区	E
、	S
平	B
原	I
区	E
五	B
类	E
主	B
要	E
地	B
貌	I
区	E
，	S
细	B
分	E
为	S
平	B
坦	E
的	S
低	B
海	I
拔	I
冲	I
积	I
平	I
原	E
、	S
低	B
海	I
拔	I
冲	I
积	I
河	I
漫	I
滩	E
、	S
低	B
海	I
拔	I
古	I
河	I
道	I
洼	I
地	E
、	S
低	B
海	I
拔	I
牛	B
轭	I
湖	I
洼	I
地	E
、	S
低	B
海	I
拔	I
河	B
谷	I
平	I
原	E
、	S
起	B
伏	E
的	S
低	B
海	I
拔	I
冲	I
积	E
。	S

同	B
时	E
在	S
每	S
条	S
次	B
级	I
断	I
层	E
中	S
，	S
均	S
可	S
由	S
中	B
心	E
向	S
两	B
侧	E
，	S
分	B
为	E
四	B
个	E
带	S
，	S
即	S
:	S
（	S
1	S
）	S
断	B
层	I
泥	I
化	I
带	E
，	S
宽	S
约	S
0	B
.	I
3	I
m	E
，	S
细	B
致	E
光	B
滑	E
、	S
质	S
软	S
，	S
手	B
捏	E
之	S
呈	S
团	B
粒	I
状	E
.	S
显	B
微	I
镜	I
下	E
观	B
察	E
，	S
绢	B
云	I
母	E
具	S
定	B
向	E
排	B
列	E
，	S
石	B
英	E
呈	S
细	B
微	I
粒	I
状	E
，	S
均	B
匀	E
分	B
布	E
；	S
（	S
2	S
）	S
挤	B
压	I
透	I
镜	I
体	I
带	E
，	S
宽	S
约	S
1	B
m	E
，	S
靠	B
近	E
断	B
层	I
泥	I
化	I
带	E
，	S
透	B
镜	I
体	E
较	S
扁	S
、	S
较	S
小	S
，	S
向	S
两	B
侧	E
逐	B
渐	E

白	B
垩	I
系	I
小	I
岭	I
组	E
（	S
K	B
x	E
）	S
。	S

（	S
4	S
）	S
大	B
张	I
八	I
中	I
细	I
粒	I
角	I
闪	I
闪	I
长	I
质	I
片	I
麻	I
岩	E
（	S
C	B
h	I
g	I
g	I
δ	I
d	E
）	S
岩	B
石	E
化	B
学	I
成	I
分	E
与	S
黎	B
彤	I
闪	I
长	I
岩	E
相	B
比	E
，	S
S	B
i	I
O	E
、	S
N	B
a	I
O	E
、	S
K	B
O	E
明	B
显	E
偏	S
低	S
，	S
A	B
l	I
O	S
、	S
岩	B
石	E
；	S
分	B
异	I
指	I
数	E
和	S
固	B
结	I
指	I
数	E
反	B
映	E
岩	B
石	I
系	I
幔	I
源	I
原	I
生	I
岩	I
浆	E
经	S
分	B
异	E
而	S
成	S
，	S
氧	B
化	I
率	E
显	B
示	E
岩	B
体	E
侵	B
位	E
较	S
浅	S
。	S

斜	B
长	I
石	E
呈	S
半	B
自	I
形	I
板	I
状	E
，	S
具	S
聚	B
片	I
双	I
晶	E
和	S
复	B
合	I
双	I
晶	E
，	S
可	S
见	S
环	B
带	I
构	I
造	E
和	S
“	S
净	B
边	E
”	S
结	B
构	E
，	S
A	B
n	E
属	S
中	B
长	I
石	E
范	B
围	E
，	S
或	S
不	B
规	B
则	I
状	E
，	S
绢	B
云	I
母	I
化	E
呈	S
假	B
象	E
，	S
有	S
的	S
可	B
见	E
聚	B
片	I
双	I
晶	E
和	S
复	B
合	I
双	I
晶	E
，	S
具	S
环	B
带	I
构	I
造	E
，	S
A	B
n	I
3	I
2	I
～	I
4	I
0	E
，	S
为	S
中	S
、	S
更	B
长	I
石	E
。	S

成	B
因	E
为	S
河	B
流	I
相	I
沉	I
积	E
，	S
具	S
二	B
元	I
结	I
构	E
。	S

即	B
墨	I
区	E
一	B
带	E
，	S
该	S
组	S
厚	B
度	E
变	B
化	E
大	S
，	S
并	S
与	S
石	B
前	I
庄	I
组	E
交	B
互	E
产	B
出	E
，	S
反	B
映	E
出	S
不	B
同	E
源	B
岩	I
浆	I
准	E
同	B
时	E
喷	B
发	E
的	S
双	B
峰	I
式	E
模	B
式	E
；	S
在	S
即	B
墨	I
区	I
丰	I
城	I
镇	E
该	S
组	S
厚	B
度	E
大	B
于	E
1	B
5	I
3	I
5	I
.	I
9	I
m	E
，	S
在	S
大	B
留	I
村	I
-	I
龙	I
泉	E
，	S
该	S
组	S
总	S
厚	S
2	B
3	I
3	I
3	I
.	I
7	I
m	E
，	S
与	S
石	B
前	I
庄	I
组	E
间	B
隔	E
出	B
现	E
。	S

岩	B
石	E
中	S
的	S
矿	B
物	E
主	B
要	E
为	S
硅	B
化	I
石	I
英	E
组	B
成	E
，	S
且	S
为	S
多	S
期	S
硅	B
化	I
作	I
用	E
形	B
成	E
。	S

沿	S
断	B
裂	I
带	E
断	B
续	S
分	B
布	E
水	B
泉	E
，	S
并	S
形	B
成	E
不	S
明	B
显	E
的	S
陡	B
坎	E
。	S

与	S
上	B
覆	E
高	B
家	I
峪	I
组	E
（	S
P	B
t	I
g	E
）	S
呈	S
整	B
合	I
接	I
触	I
关	I
系	E
。	S

主	B
要	E
表	B
现	E
为	S
南	B
东	I
向	E
北	B
西	I
向	E
逆	B
冲	E
的	S
缓	B
倾	I
斜	I
断	I
层	E
。	S

黑	B
云	I
母	E
呈	S
片	B
状	E
，	S
具	S
绿	B
泥	E
石	B
化	E
，	S
白	B
云	I
母	E
多	S
充	B
填	E
于	S
岩	B
石	I
裂	I
隙	E
中	S
。	S

岩	B
性	E
多	S
以	S
中	B
基	I
性	E
的	S
辉	B
长	I
辉	I
绿	I
岩	E
、	S
闪	B
长	I
玢	I
岩	I
脉	E
和	S
石	B
英	I
脉	E
为	B
主	E
。	S

现	S
根	B
据	E
《	S
江	B
西	I
省	E
区	B
域	E
地	B
质	I
志	E
》	S
（	S
2	B
0	I
1	I
3	E
）	S
的	S
划	B
分	E
方	B
案	E
，	S
故	S
暂	S
归	B
之	E
为	S
青	B
白	I
口	I
纪	E
。	S

区	S
内	S
变	B
质	I
岩	E
，	S
以	S
区	B
域	I
变	I
质	I
岩	I
类	E
为	B
主	E
。	S

岩	B
性	E
主	B
要	E
为	S
含	B
石	I
榴	I
石	I
墨	I
蓝	I
晶	I
堇	I
青	I
石	I
二	I
云	I
片	I
岩	E
、	S
二	B
云	I
石	I
英	I
片	I
堡	I
子	I
岩	E
，	S
白	B
云	I
母	I
石	I
英	I
片	I
岩	I
夹	I
变	I
粒	I
岩	E
、	S
浅	B
粒	I
岩	E
。	S

侵	B
入	I
岩	I
岩	I
石	I
单	I
位	E
划	B
分	E
见	S
表	B
3	E
-	I
3	E
。	S

白	B
垩	I
纪	I
地	I
层	E
零	B
星	E
分	B
布	E
于	S
规	B
划	I
区	E
内	S
北	B
西	I
部	E
，	S
出	B
露	E
面	B
积	E
1	B
1	I
k	I
m	I
2	E
，	S
占	S
规	B
划	I
区	E
的	S
总	S
面	B
积	E
0	B
.	I
7	I
8	I
%	E
。	S

青	B
白	I
口	I
纪	I
地	I
层	E
零	B
星	E
分	B
布	E
于	S
规	B
划	I
区	E
内	S
北	B
西	I
部	E
与	S
北	B
部	E
，	S
出	B
露	E
面	S
9	B
6	I
.	I
8	I
7	I
k	I
m	I
2	E
，	S
占	S
规	B
划	I
区	E
总	S
面	B
积	E
6	B
.	I
9	I
1	I
%	E
。	S

1	S
、	S
瓦	B
屋	I
夼	I
组	E
（	S
K	B
w	E
）	S
发	B
育	E
于	S
莱	B
阳	I
市	I
龙	I
旺	I
庄	I
镇	I
瓦	I
屋	I
夼	I
村	E
和	S
止	B
凤	I
庄	I
村	E
一	B
带	E
，	S
出	B
露	E
面	B
积	E
较	B
小	E
。	S

山	B
系	E
之	B
间	E
为	S
胶	B
莱	I
盆	I
地	E
等	S
，	S
地	B
势	E
低	B
平	E
，	S
海	B
拔	E
一	B
般	E
小	B
于	E
5	B
0	I
m	E
，	S
第	B
四	I
系	I
松	I
散	I
堆	I
积	I
物	E
主	B
要	E
存	B
在	E
于	S
各	S
大	S
小	B
河	I
谷	E
之	B
中	E
。	S

成	B
因	I
类	I
型	E
属	S
冲	B
洪	I
积	I
相	E
，	S
黄	B
土	I
物	I
质	E
主	B
要	E
来	B
源	E
于	S
风	B
积	E
，	S
为	S
堆	B
积	E
后	S
经	S
洪	B
水	I
搬	I
运	I
沉	I
积	E
而	S
成	S
。	S

（	S
3	S
）	S
北	B
北	I
东	I
向	E
断	B
裂	E
。	S

湾	B
外	S
潮	B
汐	I
通	I
道	E
影	B
响	E
的	S
范	B
围	E
内	S
，	S
沉	B
积	I
物	E
厚	B
度	E
较	S
薄	S
，	S
一	B
般	E
5	B
~	I
1	I
0	I
m	E
，	S
向	S
北	S
靠	B
岸	E
附	B
近	E
逐	B
渐	E
增	B
厚	E
至	S
1	B
0	I
~	I
1	I
5	I
m	E
，	S
再	S
向	S
北	S
则	S
又	S
减	S
薄	E
至	S
基	B
岩	I
海	I
岸	E
的	S
0	B
m	E
。	S

接	B
触	I
变	I
质	I
岩	E
按	S
矿	B
物	I
成	I
分	E
、	S
结	B
构	E
、	S
构	B
造	E
的	S
差	B
异	E
可	S
分	B
为	E
斑	B
点	I
砂	I
质	I
绢	I
云	I
母	I
千	I
枚	I
岩	E
、	S
二	B
云	I
母	I
石	I
英	I
角	I
岩	E
。	S

岩	B
石	E
多	S
具	S
粒	B
状	I
变	I
晶	I
结	I
构	E
，	S
略	S
具	S
千	B
枚	I
状	I
构	I
造	E
。	S

（	S
三	S
）	S
北	B
西	I
向	E
断	B
裂	E
。	S

1	S
.	S
青	B
白	I
口	I
系	I
钓	I
鱼	I
台	I
组	E
（	S
Q	B
b	I
d	E
）	S
。	S

岩	B
性	E
主	B
要	E
为	S
黑	B
云	I
变	I
粒	I
岩	E
，	S
云	B
母	I
斜	I
长	I
片	I
麻	I
岩	E
、	S
二	B
云	I
片	I
岩	E
、	S
石	B
英	I
岩	E
。	S

五	B
莲	I
-	I
青	I
岛	I
断	I
裂	E
是	S
沂	B
沭	I
断	I
裂	I
带	E
以	B
东	E
出	B
露	E
的	S
一	S
条	E
具	S
重	B
要	E
地	B
质	I
意	I
义	E
的	S
构	B
造	I
带	E
，	S
是	S
胶	B
南	I
-	I
威	I
海	I
造	I
山	I
带	E
与	S
胶	B
莱	I
盆	I
地	E
的	S
分	B
划	I
性	I
断	I
裂	E
。	S

其	B
下	E
与	S
上	B
白	I
垩	I
纪	I
龟	I
峰	I
群	E
呈	S
整	B
合	I
接	I
触	E
，	S
局	B
部	E
地	B
区	E
，	S
尚	S
可	S
超	B
覆	I
沉	I
积	E
于	S
万	B
年	I
群	I
程	I
源	I
组	E
之	B
上	E
。	S

赣	B
江	I
河	I
谷	E
以	B
东	E
地	B
区	E
，	S
以	S
缓	B
慢	E
升	B
降	E
的	S
振	B
荡	I
作	I
用	E
为	B
主	E
，	S
据	S
第	B
四	I
纪	I
沉	I
积	I
古	I
地	I
理	I
环	I
境	E
分	B
析	E
，	S
古	B
赣	I
江	E
河	I
道	E
，	S
具	B
有	E
左	B
→	I
右	I
→	I
左	I
→	I
右	E
反	B
复	E
摆	B
动	E
和	S
迁	B
移	E
的	S
总	S
趋	B
势	E
。	S

岩	B
石	E
中	S
普	B
遍	E
具	S
显	B
微	I
鳞	I
片	I
变	I
晶	I
结	I
构	E
，	S
千	B
枚	I
状	I
构	I
造	E
。	S

它	S
是	S
由	S
一	B
系	I
列	E
北	B
西	I
向	E
小	B
断	I
层	E
组	B
成	E
，	S
在	S
航	B
空	I
象	I
片	E
上	S
反	B
映	E
为	S
一	B
系	I
列	E
北	B
西	I
向	E
的	S
沟	B
谷	E
和	S
山	B
脊	E
。	S

厚	B
度	E
大	B
于	E
1	B
0	I
6	I
2	I
m	E
。	S

第	B
四	I
系	E
以	B
来	E
，	S
据	S
现	B
有	E
资	B
料	E
分	B
析	E
，	S
挽	B
近	E
时	B
期	E
，	S
区	S
内	S
仍	S
有	S
不	B
同	E
形	B
式	E
和	S
不	B
同	E
程	B
度	E
的	S
构	B
造	I
活	I
动	E
，	S
主	B
要	E
反	B
映	E
为	S
某	B
些	E
断	B
裂	E
或	S
断	B
裂	I
带	E
的	S
挽	B
近	I
活	I
动	E
，	S
多	B
次	E
的	S
微	B
震	I
作	I
用	E
和	S
不	B
同	E
区	B
段	E
的	S
差	B
异	I
升	I
降	I
运	I
动	E
。	S

分	B
布	E
范	B
围	E
基	B
本	E
与	S
太	B
原	I
组	E
相	B
同	E
，	S
分	B
布	E
在	S
辽	B
阳	I
灯	I
塔	I
市	I
铧	I
子	I
镇	E
、	S
西	B
大	I
窑	I
镇	E
。	S

岩	B
性	I
组	I
合	E
为	S
紫	B
灰	I
色	I
卵	I
砾	I
岩	E
，	S
粗	B
砾	I
岩	E
、	S
含	B
砾	I
中	I
粗	I
粒	I
岩	I
屑	I
长	I
石	I
砂	I
岩	E
等	S
，	S
局	B
部	E
夹	S
少	B
量	E
粉	B
砂	I
岩	E
、	S
页	B
岩	E
等	S
。	S

丘	B
陵	E
及	S
山	B
前	I
倾	I
斜	I
平	I
原	E
主	B
要	E
为	S
冰	B
碛	E
、	S
冰	B
水	I
堆	I
积	E
及	S
坡	B
洪	I
积	E
，	S
冲	B
积	I
平	I
原	E
则	S
以	S
冲	B
-	I
洪	I
积	I
地	I
层	E
为	B
主	E
。	S

主	B
要	E
矿	B
物	I
成	I
分	E
有	S
斜	B
长	I
石	E
、	S
石	B
英	E
、	S
钾	B
长	I
石	E
及	S
云	B
母	E
等	S
。	S

区	S
内	S
其	B
他	E
规	B
模	E
较	B
大	E
的	S
断	B
裂	E
和	S
褶	B
皱	E
分	B
布	E
特	B
征	E
如	B
下	E
：	S

2	S
、	S
岩	B
浆	I
侵	I
位	E
有	B
关	E
的	S
岩	B
脉	E
。	S

3	S
.	S
青	B
山	I
褶	I
皱	E
。	S

岩	B
性	E
呈	S
“	S
二	B
元	I
结	I
构	E
”	S
，	S
主	B
要	E
由	S
一	B
套	E
灰	B
黑	I
色	I
粉	I
砂	I
质	I
泥	E
和	S
含	B
砾	I
粗	I
灰	I
白	I
色	I
砂	I
砾	I
石	E
及	S
淤	B
泥	E
夹	B
层	E
组	B
成	E
，	S
交	B
错	I
层	I
理	E
发	B
育	E
，	S
富	B
含	E
黑	B
色	I
腐	I
殖	I
质	E
，	S
厚	S
0	B
.	I
5	I
-	I
4	I
.	I
5	I
m	E
。	S

据	S
赢	B
上	I
-	I
老	I
鹰	I
脑	I
剖	I
面	I
资	I
料	E
，	S
大	B
致	E
可	S
分	B
为	E
上	B
、	S
中	B
、	S
下	S
三	B
个	E
岩	B
性	I
段	E
。	S

区	S
内	S
较	B
为	E
发	B
育	E
，	S
多	S
埋	B
藏	E
在	S
平	B
原	E
下	B
部	E
的	S
近	S
山	B
前	I
地	I
带	E
，	S
在	S
东	B
部	E
山	B
区	E
河	B
谷	E
高	B
阶	I
地	E
亦	S
有	S
零	B
星	E
分	B
布	E
。	S

主	B
要	E
岩	B
性	E
为	S
下	B
部	E
灰	B
色	I
薄	I
层	I
-	I
中	I
厚	I
层	I
花	I
纹	I
状	I
灰	I
岩	E
、	S
薄	B
层	I
砂	I
屑	I
白	I
云	I
质	I
泥	I
晶	I
灰	I
岩	E
，	S
深	B
灰	I
色	I
中	I
厚	I
层	I
泥	I
质	I
花	I
纹	I
灰	I
岩	I
夹	I
薄	I
层	I
砂	I
屑	I
白	I
云	I
质	I
泥	I
晶	I
灰	I
岩	E
；	S
中	B
部	E
为	S
灰	B
色	I
中	I
厚	I
层	I
-	I
厚	I
层	I
状	I
含	I
燧	I
石	I
结	I
核	I
灰	I
岩	E
、	S
花	B
纹	I
状	I
白	I
云	I
质	I
灰	I
岩	E
，	S
深	B
灰	I
色	I
中	I
厚	I
层	I
泥	I
晶	I
含	I
白	I
云	I
石	I
灰	I
岩	E
；	S
上	B
部	E
为	S
灰	B
色	I
厚	I
层	I
-	I
巨	I
厚	I
层	I
灰	I
岩	E
、	S
含	S
白	B
云	I
质	I
灰	I
岩	E
及	S
白	B
云	I
岩	E
在	S
西	B
大	I
窑	E
甜	B
水	I
峪	I
南	I
山	E
富	B
含	E
角	B
石	I
化	I
石	E
，	S
发	B
现	E
W	B
u	I
t	I
i	I
n	I
o	I
c	I
e	I
r	I
a	I
s	I
A	I
r	I
m	I
e	I
n	I
o	I
c	I
e	I
r	I
a	I
s	I
r	I
i	I
c	I
h	I
t	I
h	I
o	I
f	I
e	I
n	I
i	I
A	I
.	I
l	I
i	I
a	I
n	I
c	I
h	I
u	I
e	I
n	I
s	I
i	I
s	I
n	I
o	I
v	I
.	I
s	I
p	E
.	S
,	S
O	B
r	I
m	I
o	I
c	I
e	I
r	I
a	I
s	I
n	I
u	I
d	I
u	I
m	E
,	S
T	B
o	I
f	I
a	I
n	I
g	I
o	I
c	I
e	I
r	I
a	I
s	I
s	I
p	E
。	S

展	B
布	E
方	B
向	E
3	B
0	I
~	I
4	I
0	I
°	E
，	S
长	S
4	B
8	I
k	I
m	E
。	S

1	S
、	S
大	B
站	I
组	E
（	S
Q	B
p	I
d	E
）	S
分	B
布	E
于	S
青	B
岛	I
市	I
胶	I
州	I
城	I
区	E
周	B
围	E
、	S
黄	B
岛	I
区	E
辛	B
安	I
镇	I
-	I
红	I
石	I
崖	E
、	S
流	B
亭	I
南	E
、	S
即	B
墨	I
市	I
灵	I
山	I
镇	E
等	S
地	S
。	S

侵	B
入	E
小	B
沙	I
田	I
岩	I
体	E
，	S
见	S
有	S
非	B
常	E
窄	S
的	S
冷	B
凝	I
边	E
。	S

在	S
本	S
规	B
划	I
区	E
内	S
出	B
露	E
面	B
积	E
0	B
.	I
2	I
2	I
k	I
m	I
2	E
，	S
约	S
占	S
规	B
划	I
区	E
总	S
面	B
积	E
的	S
0	B
.	I
0	I
5	I
％	E
。	S

与	S
上	B
覆	E
寒	B
武	I
系	I
炒	I
米	I
店	I
组	E
（	S
∈	B
c	I
^	E
）	S
呈	S
整	B
合	I
接	I
触	I
关	I
系	E
。	S

区	B
内	S
岩	B
浆	I
岩	E
在	S
空	B
间	E
上	S
具	B
有	E
区	B
域	I
成	I
带	E
分	B
布	E
的	S
特	B
点	E
，	S
在	S
时	B
间	E
上	S
则	S
显	B
示	E
出	S
多	S
旋	B
回	I
活	I
动	E
的	S
特	B
点	E
，	S
在	S
形	B
成	E
上	S
具	B
有	E
多	S
成	B
因	E
的	S
特	B
点	E
。	S

沿	S
走	B
向	E
呈	S
波	B
状	I
弯	I
曲	E
，	S
由	S
构	B
造	I
角	I
砾	I
岩	E
、	S
碎	B
裂	I
岩	E
及	S
断	B
层	I
泥	E
组	B
成	E
。	S

另	B
外	E
在	S
该	S
层	S
中	S
有	S
4	B
个	E
>	B
2	I
.	I
5	I
Φ	I
粒	I
径	E
的	S
砂	B
质	I
组	I
分	E
含	B
量	E
较	B
高	E
的	S
区	B
段	E
，	S
分	B
别	E
为	S
0	B
.	I
0	I
~	I
0	I
.	I
2	I
m	E
、	S
0	B
.	I
7	I
~	I
1	I
.	I
0	I
m	E
、	S
4	B
.	I
1	I
~	I
4	I
.	I
3	I
m	E
和	S
7	B
.	I
5	I
~	I
7	I
.	I
8	I
m	E
。	S

该	S
组	S
时	B
代	E
跨	B
度	E
较	B
大	E
，	S
横	B
向	E
上	S
常	S
与	S
黑	B
土	I
湖	I
组	E
、	S
大	B
站	I
组	E
等	S
过	B
渡	E
。	S

下	S
与	S
下	B
伏	E
河	B
口	I
组	I
组	E
呈	S
整	B
合	I
接	I
触	E
，	S
上	S
与	S
上	B
伏	E
古	B
近	I
系	I
新	I
余	I
组	E
呈	S
整	B
合	I
接	I
触	E
。	S

第	B
三	I
节	E
，	S
岩	B
浆	I
岩	E
。	S

2	S
、	S
断	B
裂	I
构	I
造	I
特	I
征	E
规	B
划	I
区	E
内	S
断	B
裂	I
构	I
造	E
甚	B
为	E
发	B
育	E
，	S
据	S
地	B
质	E
、	S
物	B
探	E
和	S
遥	B
感	I
影	I
象	I
解	I
译	I
资	I
料	E
的	S
综	B
合	E
分	B
析	E
，	S
按	S
断	B
裂	I
带	E
延	B
伸	E
方	B
向	E
大	B
体	E
可	S
划	B
分	E
为	S
北	B
东	E
走	B
向	E
、	S
北	B
北	I
东	E
走	B
向	E
、	S
北	B
西	I
走	I
向	E
及	S
北	B
北	I
西	E
走	B
向	E
，	S
四	S
组	S
断	B
裂	E
为	B
主	E
。	S

据	S
有	B
关	E
资	B
料	E
分	B
析	E
，	S
该	S
断	B
裂	E
由	S
红	B
石	I
崖	E
上	B
岸	E
可	S
与	S
五	B
莲	I
-	I
青	I
岛	I
断	I
裂	E
链	B
接	E
。	S

区	S
内	S
延	B
伸	E
长	S
约	S
8	B
K	I
m	E
，	S
各	B
地	E
宽	B
窄	E
不	B
一	E
，	S
最	S
宽	S
可	S
达	S
1	B
0	I
0	I
0	I
米	E
，	S
在	S
前	B
十	I
八	I
岭	I
公	I
路	E
旁	S
，	S
宽	S
仅	S
3	B
5	I
米	E
。	S

北	B
北	I
东	I
向	E
断	B
裂	E
是	S
工	B
作	I
区	E
内	S
较	B
为	E
发	B
育	E
的	S
一	S
组	S
断	B
裂	I
构	I
造	E
。	S

1	S
、	S
构	B
造	E
有	B
关	E
的	S
岩	B
脉	E
。	S

莱	B
阳	I
市	I
龙	I
旺	I
庄	I
镇	I
-	I
万	I
第	I
镇	E
一	B
带	E
，	S
八	B
亩	I
地	I
组	E
整	B
合	E
于	S
后	B
夼	I
组	E
之	B
上	E
或	S
角	B
度	E
不	S
整	B
合	E
于	S
莱	B
阳	I
群	I
曲	I
格	I
庄	I
组	E
之	B
上	E
，	S
与	S
石	B
前	I
庄	I
组	E
整	B
合	I
接	I
触	E
或	S
与	S
王	B
氏	I
群	I
林	I
家	I
庄	I
组	E
不	S
整	B
合	I
接	I
触	E
，	S
厚	B
度	E
2	B
7	I
6	I
.	I
8	I
8	I
m	E
；	S
岩	B
性	E
主	B
要	E
为	S
安	B
山	I
岩	E
、	S
玄	B
武	I
岩	E
、	S
玄	B
武	I
安	I
山	I
岩	E
、	S
安	B
山	I
质	I
集	I
块	I
角	I
砾	I
岩	E
、	S
凝	B
灰	I
岩	E
等	S
。	S

北	B
部	E
颗	B
粒	E
粗	S
，	S
结	B
构	E
简	B
单	E
；	S
南	B
部	E
颗	B
粒	E
细	S
、	S
结	B
构	E
复	B
杂	E
，	S
厚	B
度	E
5	B
-	I
2	I
5	I
m	E
，	S
所	B
含	E
石	B
英	I
质	I
砾	I
石	E
直	B
径	E
均	S
在	S
0	B
.	I
2	I
-	I
1	I
.	I
0	I
c	I
m	E
。	S

一	S
、	S
地	B
层	I
结	I
构	E
与	S
沉	B
积	I
特	I
征	E
。	S

其	S
主	B
体	I
构	I
造	E
呈	S
北	B
东	I
东	I
向	E
。	S

1	S
、	S
构	B
造	I
单	I
元	E
划	B
分	E
。	S

Ⅰ	S
：	S
碎	B
裂	I
岩	I
化	I
带	E
，	S
位	B
于	E
断	B
裂	I
带	E
两	B
侧	E
，	S
为	S
碎	B
裂	I
岩	I
化	I
邱	I
家	I
单	I
元	I
片	I
麻	I
状	I
细	I
粒	I
黑	I
云	I
二	I
长	I
花	I
岗	I
岩	E
、	S
碎	B
裂	I
岩	I
化	I
下	I
书	I
院	I
单	I
元	I
中	I
粒	I
正	I
长	I
花	I
岗	I
岩	E
，	S
宽	S
1	B
4	I
~	I
3	I
3	I
m	E
不	B
等	E
，	S
内	S
见	S
充	B
填	E
。	S

总	B
的	E
来	B
讲	E
：	S
地	B
质	I
构	I
造	E
决	B
定	E
了	S
晚	B
更	I
新	I
世	E
以	B
来	I
坡	E
、	S
洪	B
积	E
至	S
末	B
期	E
河	B
流	I
相	I
沉	I
积	I
物	E
的	S
充	B
填	I
形	I
态	E
；	S
全	B
新	I
世	I
海	I
水	I
动	I
力	E
将	S
湾	B
口	I
沉	I
积	I
物	E
侵	B
蚀	E
殆	B
尽	E
，	S
潮	B
流	E
携	B
带	E
侵	B
蚀	I
物	I
质	E
搬	B
运	E
至	S
湾	B
口	E
两	B
侧	E
沉	B
积	E
，	S
形	B
成	E
沟	B
脊	I
相	I
间	I
地	I
貌	E
；	S
沉	B
积	I
物	E
的	S
供	B
给	E
形	B
成	E
了	S
胶	B
州	I
湾	E
西	B
部	E
的	S
三	B
角	I
洲	I
堆	I
积	E
；	S
海	B
侵	E
过	B
程	E
中	S
的	S
海	B
面	E
快	B
速	E
上	B
升	E
、	S
物	B
源	I
供	I
应	E
及	S
现	B
代	I
潮	I
流	I
作	I
用	E
形	B
成	E
了	S
研	B
究	I
区	E
东	B
部	E
的	S
残	B
留	I
沉	I
积	E
。	S

上	B
述	E
断	B
层	E
或	S
断	B
裂	I
带	E
的	S
地	B
球	I
物	I
理	I
特	I
征	E
，	S
不	B
仅	E
具	B
有	E
一	S
明	B
显	E
的	S
近	S
北	B
东	E
走	B
向	E
重	B
力	I
梯	I
度	I
带	E
，	S
而	B
且	E
在	S
木	B
鱼	I
山	E
地	B
段	E
有	S
航	B
磁	I
异	I
常	E
存	B
在	E
，	S
在	S
地	B
貌	E
上	S
亦	S
有	S
明	B
显	E
的	S
反	B
映	E
，	S
不	B
仅	E
局	B
部	E
形	B
成	E
了	S
北	B
东	E
延	B
伸	E
的	S
直	B
线	I
状	I
山	I
脊	E
及	S
断	B
层	I
陡	I
崖	E
，	S
而	B
且	E
局	B
部	E
控	B
制	E
了	S
湖	B
泊	E
、	S
洼	B
地	E
和	S
河	B
流	E
的	S
流	B
向	E
。	S

第	B
五	I
节	E
，	S
区	B
域	I
地	I
质	I
构	I
造	E
。	S

底	B
部	E
以	S
紫	B
红	I
色	I
厚	I
层	I
～	I
巨	I
厚	I
层	I
状	I
砾	I
岩	E
、	S
砂	B
砾	I
岩	E
、	S
含	B
砾	I
砂	I
岩	E
为	B
主	E
，	S
中	B
夹	I
砂	I
岩	E
及	S
粉	B
砂	I
岩	E
。	S

随	B
着	E
温	B
度	E
进	B
一	I
步	E
升	B
高	E
，	S
推	B
断	E
此	B
时	S
有	S
花	B
岗	I
岩	I
浆	E
出	B
现	E
，	S
在	S
晋	B
宁	I
期	I
造	I
山	I
带	E
深	B
部	E
形	B
成	E
（	S
近	S
）	S
原	B
地	E
侵	B
入	I
-	I
交	I
代	I
型	I
变	I
形	I
花	I
岗	I
岩	E
发	B
生	E
了	S
较	B
强	E
的	S
边	B
缘	I
混	I
合	I
岩	I
化	E
和	S
递	B
进	I
变	I
质	I
作	I
用	E
。	S

南	B
昌	I
规	I
划	I
区	E
内	S
南	B
东	E
的	S
广	B
大	E
地	B
区	E
，	S
为	S
一	S
白	B
垩	I
纪	E
以	B
来	E
的	S
断	B
陷	I
盆	I
地	E
，	S
它	S
属	S
鄱	B
阳	I
断	E
(	S
或	S
拗	B
〉	I
陷	I
盆	I
地	E
的	S
一	B
部	I
分	E
。	S

分	B
布	E
于	S
青	B
山	I
村	I
北	S
，	S
前	B
述	E
黄	B
山	I
褶	I
皱	E
之	S
南	S
，	S
由	S
青	B
山	I
向	I
斜	E
、	S
青	B
山	I
南	I
背	I
斜	E
组	B
成	E
。	S

呈	S
条	B
带	I
状	E
零	B
星	E
分	B
布	E
于	S
辽	B
阳	I
市	E
东	B
北	E
山	B
区	E
，	S
前	B
牌	I
坊	E
、	S
后	B
牌	I
坊	E
、	S
鸡	B
冠	I
山	E
一	B
带	E
，	S
区	S
内	S
最	B
大	E
厚	B
度	E
为	S
5	B
9	I
0	I
m	E
。	S

航	B
磁	I
平	I
面	I
图	E
显	B
示	E
与	S
断	B
裂	E
同	S
方	B
向	E
的	S
磁	B
场	I
负	I
异	I
常	I
带	E
。	S

（	S
六	S
）	S
中	B
生	I
界	E
。	S

钾	B
长	I
石	E
5	S
0	B
%	E
；	S
斜	B
长	I
石	E
5	B
9	B
%	E
；	S
石	B
英	E
4	B
8	I
%	E
；	S
黑	B
云	I
母	E
1	B
%	E
；	S
磁	B
铁	I
矿	E
微	B
量	E
；	S
斜	B
长	I
石	E
2	B
%	E
；	S
石	B
英	I
脉	E
（	S
2	B
%	E
）	S
。	S

褶	B
皱	E
的	S
西	B
端	E
被	S
崂	B
山	I
顶	I
亚	I
超	I
单	I
元	I
太	I
清	I
宫	I
单	I
元	I
中	I
粒	I
碱	I
长	I
花	I
岗	I
岩	E
侵	B
入	E
，	S
东	B
端	E
为	S
海	B
水	I
覆	I
盖	E
。	S

岩	B
体	E
边	B
缘	E
矿	B
物	I
颗	I
粒	E
相	B
对	E
较	S
细	S
、	S
颜	B
色	E
较	S
深	S
，	S
斜	B
长	I
石	I
斑	I
晶	E
含	B
量	E
较	B
少	E
(	S
一	B
般	E
约	S
5	B
～	I
1	I
0	I
％	E
)	S
，	S
出	B
露	E
宽	S
约	S
数	B
米	E
，	S
局	B
部	E
达	S
十	B
余	I
米	E
；	S
往	S
内	B
部	E
矿	B
物	I
颗	I
粒	E
相	B
对	E
变	S
粗	S
，	S
以	S
细	B
～	I
中	I
细	I
粒	I
结	I
构	E
为	B
主	E
，	S
斜	B
长	I
石	I
斑	I
晶	E
较	B
多	E
，	S
一	B
般	E
为	S
1	B
0	I
％	E
左	B
右	E
，	S
局	B
部	E
可	S
增	S
至	E
2	B
5	I
％	E
左	B
右	E
。	S

乌	B
沙	I
脑	I
～	I
乐	I
化	I
断	I
层	E
：	S
展	B
布	E
于	S
乌	B
沙	I
脑	E
、	S
枫	B
林	E
、	S
老	B
屋	I
袭	E
及	S
乐	B
化	E
等	S
地	S
，	S
出	B
露	E
于	S
梅	B
岭	I
山	I
地	E
与	S
昌	B
北	I
丘	I
陵	I
地	I
区	E
的	S
交	B
界	I
处	E
，	S
在	S
规	B
划	I
区	E
内	S
延	B
伸	E
长	S
约	S
1	B
5	I
k	I
m	E
，	S
总	B
体	E
走	B
向	E
4	B
0	I
°	E
左	B
右	E
，	S
倾	B
角	E
陡	B
峻	E
。	S

出	B
露	E
于	S
南	B
昌	I
市	I
规	I
划	I
区	E
中	B
西	I
部	E
金	B
丘	I
观	I
规	I
划	I
区	E
边	S
与	S
西	B
北	I
角	E
瓦	B
窑	I
村	E
、	S
紫	B
阳	I
山	E
、	S
半	B
岭	I
村	E
一	B
带	E
。	S

一	S
、	S
地	B
层	E
。	S

出	B
露	E
于	S
规	B
划	I
区	E
西	B
部	E
的	S
梅	B
岭	I
村	I
—	I
九	I
溪	E
一	B
带	E
。	S

主	B
要	E
分	B
布	E
在	S
于	S
辽	B
阳	E
市	B
区	E
中	B
东	I
部	E
与	S
太	B
子	I
河	E
一	B
带	E
、	S
花	B
牛	I
堡	I
子	E
、	S
下	B
缸	I
窑	E
、	S
后	B
境	I
山	E
等	S
地	S
。	S

该	S
处	S
劈	B
石	I
口	I
断	I
裂	E
出	B
露	E
宽	S
8	B
0	I
m	E
，	S
主	B
体	E
为	S
碎	B
裂	I
岩	I
化	I
细	I
粒	I
-	I
中	I
粒	I
碱	I
长	I
花	I
岗	I
岩	E
，	S
带	S
内	S
发	B
育	E
多	S
条	S
断	B
面	E
。	S

辽	B
阳	I
市	E
上	I
新	I
世	I
至	I
第	B
四	I
纪	I
新	I
构	I
造	I
运	I
动	E
的	S
重	B
要	E
特	B
点	E
是	S
垂	B
直	I
运	I
动	E
，	S
东	B
部	E
丘	B
陵	I
-	I
山	I
区	I
新	I
构	I
造	I
运	I
动	E
表	B
现	E
为	S
中	B
等	E
幅	B
度	E
的	S
上	B
升	E
，	S
呈	S
间	B
歇	I
性	I
震	I
荡	I
运	I
动	E
；	S
西	B
部	E
平	B
原	I
区	E
属	B
下	E
辽	B
河	I
断	I
陷	I
盆	I
地	E
边	B
缘	E
，	S
燕	B
山	I
运	I
动	E
以	B
来	E
新	B
近	I
纪	E
开	B
始	E
整	B
体	I
性	I
下	I
降	E
，	S
形	B
成	E
差	B
异	I
性	I
升	I
降	E
。	S

（	S
一	S
）	S
侵	B
入	I
岩	E
。	S

岩	B
石	I
组	I
合	E
以	S
白	B
云	I
质	I
大	I
理	I
岩	E
、	S
方	B
解	I
石	I
大	I
理	I
岩	E
为	B
主	E
，	S
夹	S
透	B
辉	I
岩	E
及	S
黑	B
云	I
变	I
粒	I
岩	E
，	S
大	B
理	I
岩	E
局	B
部	E
有	S
蛇	B
纹	I
石	I
化	I
现	I
象	E
。	S

Ⅱ	S
：	S
碎	B
粉	I
岩	I
带	E
，	S
位	B
于	E
糜	B
棱	I
岩	I
带	E
的	S
外	B
侧	E
，	S
宽	S
5	B
~	I
1	I
0	I
m	E
，	S
为	S
碎	B
裂	I
岩	E
，	S
碎	B
粉	I
岩	E
。	S

基	B
质	E
由	S
石	B
英	E
、	S
长	B
石	E
、	S
黑	B
云	I
母	E
组	B
成	E
，	S
粒	B
径	E
1	B
～	I
1	I
.	I
5	I
m	I
m	E
，	S
石	B
英	E
呈	S
它	B
形	I
粒	I
状	E
，	S
具	S
波	B
状	I
消	I
光	E
。	S

荆	B
山	I
群	I
地	I
层	E
根	B
据	E
岩	B
石	I
组	B
合	I
特	I
征	E
自	B
下	I
而	I
上	E
划	B
分	E
为	S
三	B
个	E
组	S
：	S
禄	B
格	I
庄	I
组	E
、	S
野	B
头	I
组	E
、	S
陡	B
崖	I
组	E
，	S
每	B
个	E
组	S
又	S
分	B
为	E
两	B
段	E
，	S
工	B
作	I
区	E
主	B
要	E
出	B
露	E
野	B
头	I
组	I
地	I
层	E
。	S

昌	B
北	E
及	S
赣	B
江	E
西	S
岸	S
之	S
丘	B
陵	I
地	I
区	E
，	S
抬	B
升	E
幅	B
度	E
较	B
小	E
，	S
残	B
坡	I
积	I
物	E
发	B
育	E
。	S

断	B
裂	E
倾	B
向	E
南	S
，	S
上	B
盘	E
分	B
布	E
青	B
山	I
群	I
后	I
夼	I
庄	I
组	I
火	I
山	I
岩	E
，	S
下	B
盘	E
分	B
布	E
莱	B
阳	I
群	I
杜	I
村	I
组	I
砾	I
岩	E
、	S
砂	B
岩	E
，	S
显	B
示	E
上	B
盘	E
下	B
降	E
，	S
为	S
张	B
性	I
活	I
动	E
，	S
断	B
裂	E
北	B
盘	E
（	S
下	B
盘	E
）	S
近	S
断	B
裂	I
带	E
附	B
近	E
，	S
分	B
布	E
一	B
系	I
列	E
北	B
西	I
向	E
小	S
断	B
裂	E
，	S
均	S
指	B
示	E
主	S
断	B
裂	E
的	S
右	B
旋	I
平	I
移	E
性	B
质	E
，	S
由	B
此	E
表	B
明	E
，	S
该	S
断	B
裂	E
以	S
右	B
旋	I
张	I
扭	I
性	I
活	I
动	E
为	B
主	E
。	S

后	B
期	E
受	S
梅	B
岭	I
花	I
岗	I
闪	I
长	I
岩	E
边	B
缘	I
交	I
代	I
混	I
合	I
作	I
用	E
和	S
韧	B
性	I
剪	I
切	E
双	B
重	E
强	B
烈	E
改	B
造	E
而	S
成	S
的	S
片	B
麻	I
岩	E
，	S
经	S
风	B
化	E
后	S
，	S
呈	S
厚	B
层	E
、	S
疏	B
松	E
、	S
多	B
孔	E
、	S
质	B
地	E
之	S
风	B
化	I
片	B
麻	I
岩	E
，	S
厚	B
度	E
大	B
于	E
2	B
6	I
4	I
m	E
。	S

出	B
露	E
位	B
置	E
大	B
致	E
与	S
碱	B
厂	I
组	E
相	B
同	E
，	S
在	S
小	B
屯	E
一	B
带	E
沉	B
积	E
厚	B
度	E
3	B
0	I
0	I
m	E
。	S

（	S
三	S
）	S
新	B
构	I
造	I
运	I
动	E
与	S
地	B
震	E
。	S

九	B
岭	I
隆	I
起	E
处	B
于	E
江	B
南	I
地	I
块	E
东	S
段	S
，	S
隶	B
属	E
江	B
南	I
地	I
块	E
Ⅱ	B
级	I
构	I
造	I
单	I
元	E
，	S
南	B
侧	E
宜	B
丰	I
～	I
景	I
德	I
镇	I
断	I
裂	I
带	E
与	S
浙	B
赣	I
拗	I
陷	I
带	E
拼	B
接	E
，	S
中	B
部	E
为	S
鄱	B
阳	I
盆	I
地	E
所	S
占	B
据	E
。	S

辽	B
阳	I
地	I
区	E
处	B
在	E
辽	B
东	I
低	I
山	I
丘	I
陵	E
与	S
辽	B
河	I
平	I
原	E
的	S
过	B
渡	I
地	I
带	E
，	S
总	S
的	S
地	B
势	E
是	S
东	B
南	E
高	S
西	B
南	E
低	S
，	S
自	S
东	B
南	E
向	S
西	B
北	E
倾	B
斜	E
。	S

该	S
断	B
裂	E
在	S
焦	B
家	I
庄	I
子	E
以	B
东	E
沿	S
胶	B
莱	I
盆	I
地	E
的	S
南	B
部	E
边	B
缘	E
展	B
布	E
：	S
南	B
盘	E
为	S
胶	B
南	I
-	I
威	I
海	I
造	I
山	I
带	I
变	I
质	I
结	I
晶	I
基	I
底	I
岩	I
系	E
，	S
并	S
有	S
同	S
方	B
向	E
的	S
石	B
门	I
-	I
薛	I
家	I
庄	I
韧	I
性	I
变	I
形	I
带	E
近	S
平	B
行	E
展	B
布	E
；	S
北	B
盘	E
为	S
莱	B
阳	I
群	E
。	S

粒	B
径	E
1	B
.	I
2	I
～	I
2	I
.	I
3	I
m	I
m	E
。	S

工	B
作	I
区	E
脉	B
岩	E
较	B
为	E
发	B
育	E
，	S
全	S
区	S
分	B
布	E
不	S
均	B
匀	E
，	S
宽	B
度	E
大	B
小	E
数	B
厘	I
米	E
至	S
近	B
十	B
米	E
不	B
等	E
多	S
成	S
脉	B
状	E
、	S
透	B
镜	I
状	E
，	S
大	S
者	E
甚	B
至	E
呈	S
岩	B
墙	I
状	E
。	S

营	B
房	E
至	S
罗	B
家	I
营	E
地	B
区	E
，	S
大	B
沽	I
河	E
流	B
域	E
，	S
形	B
成	E
宽	S
4	B
k	I
m	E
的	S
负	B
地	I
形	E
，	S
两	B
侧	E
为	S
陡	B
崖	E
，	S
显	B
示	E
断	B
陷	I
特	I
征	E
，	S
证	B
明	E
断	B
裂	E
具	S
张	B
性	I
特	I
征	E
。	S

其	S
矿	B
物	I
组	I
合	E
为	S
：	S
（	S
1	S
）	S
石	B
英	E
+	S
绢	B
云	I
母	E
+	S
（	S
白	B
云	I
母	E
）	S
（	S
2	S
）	S
石	B
英	E
+	S
绿	B
泥	I
石	E
+	S
绢	B
云	I
母	E
+	S
（	S
白	B
云	I
母	E
）	S
据	S
其	S
矿	B
物	I
组	I
合	E
特	B
征	E
，	S
工	B
作	I
区	E
的	S
区	B
域	I
变	I
质	I
岩	I
相	E
属	S
低	B
绿	I
片	I
岩	I
相	E
。	S

②	S
花	B
岗	I
质	I
糜	I
棱	I
岩	E
：	S
岩	B
石	E
具	S
糜	B
棱	I
结	I
构	E
，	S
流	B
状	I
构	I
造	E
。	S

在	S
其	B
中	E
上	B
部	E
的	S
灰	B
绿	I
色	I
含	I
钙	I
泥	I
岩	E
中	S
，	S
前	B
人	E
已	S
获	B
得	E
下	B
列	E
孢	B
粉	E
，	S
其	B
中	E
麻	B
黄	I
花	I
粉	E
占	S
优	B
势	E
，	S
约	S
占	S
孢	B
粉	E
总	B
量	E
的	S
7	B
2	I
.	I
1	I
0	I
％	E
左	B
右	E
;	S
孢	B
子	E
仅	S
占	S
孢	B
粉	E
总	B
量	E
的	S
4	B
.	I
9	I
％	E
，	S
且	S
以	S
稀	B
指	I
蕨	I
孢	I
子	E
为	B
主	E
；	S
被	B
子	I
植	I
物	I
花	I
粉	E
约	S
占	S
孢	B
粉	E
总	B
量	E
的	S
2	B
2	I
％	E
，	S
品	B
种	E
单	B
调	E
，	S
中	S
以	S
榆	B
科	E
，	S
栎	B
科	E
和	S
大	B
孔	E
、	S
三	B
孔	I
花	I
粉	E
居	B
多	E
，	S
其	B
次	E
为	S
杜	B
仲	I
科	E
和	S
古	B
老	E
的	S
被	B
子	I
植	I
物	I
花	I
粉	E
。	S
根	B
据	E
上	B
述	E
孢	B
粉	I
资	I
料	E
，	S
暂	S
定	B
之	E
为	S
老	B
第	I
三	I
纪	E
。	S

岩	B
体	E
规	B
模	E
一	B
般	E
较	B
大	E
，	S
岩	B
石	I
类	I
型	E
表	B
现	E
为	S
从	S
英	B
云	I
闪	I
长	I
岩	E
、	S
花	B
岗	I
闪	I
长	I
岩	E
、	S
二	B
长	I
花	I
岗	I
岩	E
、	S
钾	B
长	I
花	I
岗	I
岩	E
等	S
成	B
分	E
演	B
化	E
序	B
列	E
，	S
岩	B
体	E
中	S
围	B
岩	E
捕	I
虏	I
体	E
、	S
富	B
云	I
包	I
体	E
和	S
闪	B
长	I
质	I
包	I
体	E
发	B
育	E
，	S
捕	B
虏	I
体	E
中	S
黑	B
云	I
母	E
等	S
暗	B
色	I
矿	I
物	E
相	B
对	E
集	B
中	E
、	S
定	B
向	E
形	B
成	E
片	B
麻	I
状	I
构	I
造	E
，	S
但	S
片	B
麻	I
理	E
多	S
未	S
切	B
穿	E
岩	S
体	S
；	S
岩	B
体	E
边	B
缘	E
混	B
合	I
岩	I
带	E
中	S
的	S
条	B
纹	I
条	I
带	I
状	E
、	S
眼	B
球	E

即	B
墨	I
区	E
、	S
胶	B
州	I
市	E
一	B
带	E
，	S
该	S
组	S
与	S
八	B
亩	I
地	I
组	E
局	B
部	E
交	B
替	E
出	B
现	E
，	S
二	B
分	I
性	E
明	B
显	E
，	S
下	B
部	E
岩	B
性	E
为	S
流	B
纹	I
质	I
熔	I
结	I
凝	I
灰	I
岩	E
、	S
球	B
粒	I
流	I
纹	I
岩	E
，	S
厚	S
7	B
6	I
9	I
.	I
5	I
m	E
，	S
中	B
间	E
被	S
八	B
亩	I
地	I
组	E
隔	B
开	E
，	S
上	B
部	E
为	S
紫	B
红	I
色	I
碱	I
流	I
质	I
角	I
砾	I
凝	I
灰	I
岩	E
，	S
灰	B
紫	I
色	I
碱	I
流	I
岩	E
、	S
碱	B
流	I
质	I
角	I
砾	I
晶	I
屑	I
凝	I
灰	E
岩	E
，	S
厚	S
约	S
2	B
4	I
6	I
.	I
4	I
m	E
，	S
为	S
沸	B
石	I
矿	E
的	S
主	B
要	E
含	B
矿	E
层	B
位	E
。	S

自	B
下	I
而	I
上	E
分	B
为	E
二	B
段	E
，	S
下	B
部	E
为	S
祥	B
山	I
变	I
粒	I
岩	I
段	E
，	S
上	B
部	E
为	S
定	B
国	I
寺	I
大	I
理	I
岩	I
段	E
。	S

2	S
、	S
脆	B
性	I
动	I
力	I
变	I
质	I
岩	E
发	B
育	E
于	S
脆	B
性	I
断	I
裂	E
中	S
的	S
断	B
层	I
岩	E
系	B
列	E
，	S
主	B
要	E
由	S
初	B
碎	I
裂	I
岩	E
、	S
碎	B
裂	I
岩	E
、	S
超	B
碎	I
裂	I
岩	E
组	B
成	E
。	S

林	B
寺	I
山	I
组	E
多	S
发	B
育	E
于	S
盆	B
地	E
边	B
部	E
，	S
属	S
冲	B
洪	I
积	I
扇	I
沉	I
积	E
。	S

第	B
四	I
系	E
主	B
要	E
分	B
布	E
于	S
中	B
西	I
部	E
及	S
山	B
间	I
凹	I
地	E
、	S
海	B
岸	I
带	E
、	S
河	B
流	E
两	B
侧	E
等	S
地	S
，	S
其	S
沉	B
积	I
物	E
岩	B
性	E
及	S
成	B
因	I
类	I
型	E
与	S
近	B
代	I
地	I
貌	I
形	I
态	E
密	B
切	E
相	B
关	E
，	S
区	S
内	S
复	B
杂	E
的	S
地	B
貌	I
形	I
态	E
，	S
导	B
致	E
了	S
第	B
四	I
系	I
堆	I
积	I
物	E
的	S
多	B
样	I
化	E
。	S

在	S
本	S
规	B
划	I
区	E
内	S
出	B
露	E
面	B
积	E
2	B
.	I
7	I
8	I
k	I
m	I
2	E
，	S
约	S
占	S
规	B
划	I
区	E
总	S
面	B
积	E
的	S
0	B
.	I
0	I
2	I
％	E
。	S

总	B
体	E
走	B
向	E
1	B
3	I
°	E
，	S
倾	B
向	E
西	S
，	S
为	S
左	B
旋	I
张	I
扭	I
运	I
动	E
性	B
质	E
。	S

超	B
动	I
侵	I
入	E
于	S
小	B
沙	I
田	I
岩	I
体	E
中	S
，	S
接	B
触	I
界	I
线	E
清	B
楚	E
，	S
接	B
触	I
界	I
面	E
较	S
规	B
则	E
，	S
接	B
触	I
面	E
内	B
侧	E
见	S
宽	S
约	S
2	B
0	I
c	I
m	E
的	S
细	B
粒	I
化	I
带	E
；	S
接	B
触	I
面	E
外	B
侧	E
见	S
钾	B
长	I
石	I
斑	I
晶	E
略	S
具	S
定	B
向	I
性	E
，	S
其	S
排	B
列	E
方	B
向	E
与	S
接	B
触	I
面	E
呈	S
小	S
角	B
度	E
相	B
交	E
。	S

下	B
部	E
以	S
暗	B
紫	I
红	I
色	I
粉	I
砂	I
质	I
泥	I
岩	E
、	S
粉	B
砂	I
岩	E
及	S
细	B
砂	I
岩	E
为	B
主	E
，	S
中	B
夹	S
砂	B
砾	I
岩	I
层	E
；	S
上	B
部	E
主	B
要	E
为	S
紫	B
红	I
色	I
含	I
钙	I
砂	I
砾	I
岩	E
及	S
砂	B
岩	E
，	S
中	B
夹	S
泥	B
岩	E
。	S

自	S
西	S
向	S
东	S
可	S
划	B
分	E
为	S
多	S
个	E
密	B
集	E
的	S
断	B
裂	I
构	I
造	I
带	E
，	S
这	B
些	E
断	B
裂	I
带	E
在	S
航	B
磁	E
、	S
重	B
力	E
及	S
遥	B
感	I
影	I
像	E
上	S
多	B
数	E
都	S
有	S
清	B
晰	E
的	S
显	B
示	E
，	S
在	S
地	B
貌	E
上	S
多	S
控	B
制	E
水	B
系	E
的	S
延	B
展	E
。	S

工	B
作	I
区	E
脉	B
岩	E
多	S
与	S
岩	B
浆	I
侵	I
位	I
作	I
用	E
有	B
关	E
，	S
按	S
岩	B
脉	E
与	S
主	B
体	E
岩	B
性	I
侵	I
位	E
的	S
先	B
后	E
关	B
系	E
，	S
分	B
为	E
早	B
期	E
诱	B
导	I
性	I
岩	I
脉	E
和	S
后	B
期	I
继	B
承	I
性	I
岩	I
脉	E
。	S

为	S
一	B
套	E
河	B
湖	I
相	I
紫	I
红	I
色	I
碎	I
屑	I
岩	E
建	B
造	E
。	S

中	B
元	I
古	I
代	I
-	I
古	I
生	I
代	E
处	B
于	E
古	B
亚	I
洲	I
构	I
造	I
域	E
，	S
为	S
陆	B
块	I
盖	I
层	E
形	B
成	E
发	B
展	E
阶	B
段	E
（	S
晋	B
宁	I
期	I
-	I
加	I
里	I
东	E
、	S
海	B
西	I
期	I
-	I
印	I
支	I
期	E
）	S
，	S
盖	B
层	E
主	B
要	E
出	B
露	E
于	S
辽	B
阳	I
-	I
本	I
溪	I
凹	I
陷	E
中	S
，	S
主	B
要	E
包	B
括	E
上	B
元	I
古	I
界	E
（	S
青	B
白	I
口	I
系	E
、	S
南	B
华	I
系	E
）	S
、	S
古	B
生	I
界	E
（	S
寒	B
武	I
系	E
、	S
奥	B
陶	I
系	E
）	S
陆	B
源	I
碎	I
屑	I
岩	E
、	S
碳	B
酸	I
盐	I
岩	E
及	S
中	B
生	I
界	E
（	S
白	B
垩	I
系	E
）	S
河	B
湖	I
相	E
及	S
陆	B
相	I
火	I
山	I
-	I
沉	I
积	I
岩	I
系	E
，	S
主	B
要	E
分	B
布	E
在	S
辽	B
阳	I
市	E
中	B
南	I
部	E
、	S
河	B
栏	I
镇	E
以	B
东	E
区	B
域	E
。	S

1	S
、	S
大	B
理	I
岩	I
段	E
(	S
m	B
b	E
)	S
在	S
柳	B
花	I
泊	E
一	B
带	E
零	B
星	E
出	B
露	E
，	S
呈	S
北	B
东	I
向	E
透	B
镜	I
状	E
分	B
布	E
于	S
新	B
元	I
古	I
代	I
侵	I
入	I
体	E
中	S
，	S
主	B
要	E
为	S
一	B
套	E
大	B
理	I
岩	I
系	E
。	S

7	S
.	S
奥	B
陶	I
系	I
亮	I
甲	I
山	I
组	E
（	S
O	B
l	E
）	S
。	S

（	S
三	S
）	S
王	B
氏	I
群	E
（	S
K	B
1	B
-	I
2	I
W	E
）	S
。	S

据	S
断	B
层	E
两	B
侧	E
位	B
移	E
方	B
向	E
分	B
析	E
，	S
其	S
南	B
西	I
盘	E
相	B
对	E
往	S
北	B
西	I
方	I
向	E
位	B
移	E
，	S
可	B
能	E
为	S
一	S
压	B
剪	E
的	S
平	B
移	I
断	I
层	E
。	S

原	B
岩	E
应	S
属	S
海	B
相	I
粘	I
土	I
质	I
－	I
火	I
山	I
碎	I
屑	I
沉	I
积	E
建	B
造	E
。	S

山	B
前	I
组	E
厚	B
度	E
一	B
般	E
小	B
于	E
3	B
m	E
，	S
局	B
部	E
达	S
十	B
几	I
米	E
。	S

厚	B
度	E
一	B
般	E
1	B
~	I
2	I
0	I
m	E
不	B
等	E
。	S

在	S
中	B
更	I
新	I
世	I
早	I
期	E
，	S
气	B
候	E
偏	S
冷	S
，	S
山	B
前	I
地	I
带	E
以	S
黄	B
泥	I
洼	E
为	S
典	B
型	E
的	S
冰	B
碛	E
和	S
冰	B
水	I
沉	I
积	E
为	B
主	E
，	S
岩	B
性	E
为	S
黏	B
土	I
含	I
砾	E
或	S
砂	B
砾	I
石	I
混	I
土	E
；	S
东	B
部	E
山	B
区	E
则	S
为	S
冰	B
川	I
沉	I
积	E
，	S
见	S
冰	B
川	E
侵	I
蚀	I
地	I
形	E
。	S

黑	B
土	I
湖	I
组	E
在	S
山	B
地	I
丘	I
陵	I
区	E
常	S
直	B
接	E
覆	S
于	S
基	B
岩	E
之	B
上	E
，	S
与	S
山	B
前	I
组	E
常	S
呈	S
渐	B
变	I
过	I
渡	I
关	I
系	E
。	S

同	B
时	E
，	S
西	B
部	E
平	B
原	I
区	E
第	B
四	I
系	I
沉	I
积	E
范	B
围	E
不	B
断	E
增	B
加	E
，	S
并	S
向	S
东	B
部	E
山	B
前	I
地	I
带	E
扩	B
展	E
，	S
基	B
本	E
上	S
同	S
现	B
代	I
第	I
四	I
系	E
范	B
围	E
一	B
致	E
。	S

断	B
裂	E
的	S
方	B
位	E
及	S
发	B
育	E
程	B
度	E
明	B
显	E
受	B
控	E
于	S
胶	B
北	I
隆	I
起	I
区	E
的	S
东	S
、	S
西	S
边	B
界	E
两	S
大	S
断	B
裂	I
系	I
统	E
：	S
西	B
部	E
的	S
北	B
北	I
东	I
向	E
郯	B
庐	I
断	I
裂	I
系	I
统	E
及	S
东	B
部	E
的	S
北	B
东	I
向	E
牟	B
平	I
-	I
即	I
墨	I
断	I
裂	I
系	I
统	E
。	S

内	S
为	S
构	B
造	I
角	I
砾	I
岩	E
、	S
碎	B
裂	I
岩	I
化	I
煌	I
斑	I
岩	E
、	S
石	B
英	I
正	I
长	I
斑	I
岩	E
等	S
，	S
见	S
有	S
绿	B
帘	I
石	I
化	E
、	S
绿	B
泥	I
石	I
化	I
蚀	I
变	E
、	S
断	B
裂	E
多	S
显	B
示	E
张	B
性	I
正	I
断	I
层	E
，	S
各	S
断	B
裂	E
主	B
要	E
切	B
割	E
浮	B
山	E
、	S
石	B
门	I
山	I
亚	I
超	I
单	I
元	E
、	S
切	B
割	E
最	B
新	I
地	I
质	I
体	E
为	S
小	B
平	I
兰	I
单	I
元	I
细	I
粒	I
碱	I
长	I
花	I
岗	I
岩	E
。	S

中	B
全	I
新	I
统	E
以	S
冲	B
积	I
层	E
（	S
Q	B
h	I
2	I
a	I
l	E
）	S
为	B
主	E
，	S
分	B
布	E
在	S
现	B
代	I
河	I
床	E
主	B
槽	E
一	B
侧	E
或	S
两	B
侧	E
，	S
多	S
呈	S
带	B
状	E
分	B
布	E
。	S

区	S
内	S
地	B
层	E
发	B
育	E
不	S
全	S
，	S
主	B
要	E
分	B
布	E
于	S
胶	B
莱	I
盆	I
地	E
及	B
其	E
周	B
边	E
，	S
由	S
老	S
至	S
新	S
分	B
别	E
太	B
古	I
界	I
-	I
元	I
古	I
界	I
胶	I
东	I
群	E
；	S
元	B
古	I
界	I
荆	I
山	I
群	E
，	S
粉	B
子	I
山	I
群	E
；	S
中	B
生	I
代	I
白	I
垩	I
系	E
；	S
新	B
生	I
界	I
第	I
四	I
系	E
等	S
；	S
以	S
中	B
生	I
界	I
白	I
垩	I
系	E
为	B
主	E
，	S
次	S
为	S
新	B
生	I
界	I
第	I
四	I
系	E
，	S
中	B
太	I
古	I
界	E
及	S
古	B
元	I
古	I
界	E
少	B
量	E
出	B
露	E
。	S

基	B
本	E
层	B
序	E
为	S
2	B
6	I
.	I
3	I
m	E
以	B
下	E
为	S
冲	B
洪	I
积	I
层	E
，	S
2	B
6	I
.	I
1	I
~	I
8	I
.	I
5	I
9	I
m	E
为	S
河	B
流	I
相	E
，	S
8	B
.	I
5	I
9	I
~	I
8	I
.	I
4	I
1	I
m	E
为	S
滨	B
岸	I
沉	I
积	E
，	S
8	B
.	I
4	I
1	I
~	I
0	I
.	I
0	I
m	E
为	S
浅	B
海	I
相	E
，	S
其	B
中	E
8	B
.	I
4	I
1	I
~	I
7	I
.	I
0	I
m	E
表	B
现	E
为	S
盐	B
沼	I
沉	I
积	E
。	S

前	B
者	E
似	B
乎	E
割	B
切	E
后	B
者	E
·	S
具	B
体	E
特	B
征	E
分	B
段	S
概	B
述	E
如	B
下	E
：	S
北	B
东	I
段	E
之	S
前	B
山	S
，	S
出	B
露	E
最	B
好	E
，	S
见	S
下	S
第	B
三	I
系	I
紫	I
红	I
色	I
砂	I
砾	I
岩	I
层	E
与	S
前	B
震	I
旦	I
系	I
千	I
枚	I
岩	E
呈	S
断	B
层	I
接	I
触	E
，	S
断	B
面	E
倾	B
向	E
3	B
2	I
0	I
°	E
，	S
倾	B
角	E
在	S
地	B
表	E
测	B
得	E
为	S
6	B
5	I
°	E
，	S
断	B
裂	E
有	S
分	B
带	I
现	I
象	E
，	S
由	S
中	B
心	E
向	S
两	B
侧	E
大	B
致	E
可	S
分	B
为	E
两	B
个	E
带	S
，	S
即	S
：	S
（	S
1	S
）	S
断	B
层	I
泥	I
砾	I
带	E
（	S
图	S
3	B
-	I
1	I
1	S
）	S
，	S
宽	S
约	S
6	B
m	E
，	S

另	B
外	E
，	S
青	B
岛	I
市	E
沿	S
海	B
岸	I
线	E
一	B
带	E
还	S
分	B
布	E
有	S
海	B
成	I
地	I
貌	E
，	S
但	S
面	B
积	E
较	B
小	E
，	S
包	B
括	E
海	B
岸	I
地	I
形	E
及	S
海	B
积	I
平	I
原	E
。	S

在	S
邻	S
区	S
本	B
溪	E
一	B
带	E
，	S
发	B
现	E
腕	B
足	I
类	I
化	I
石	E
。	S

与	S
上	B
覆	E
寒	B
武	I
系	I
馒	I
头	I
组	E
（	S
∈	B
m	I
d	E
）	S
呈	S
整	B
合	I
接	I
触	I
关	I
系	E
。	S

故	S
下	B
更	I
新	I
统	E
的	S
九	B
江	I
组	I
砾	I
石	I
堆	I
积	I
物	E
，	S
均	S
沿	B
着	E
赣	B
江	E
西	B
岸	S
的	S
丰	B
城	I
县	I
石	I
上	E
，	S
新	B
建	I
县	I
后	I
湖	E
、	S
昌	B
北	I
瀛	I
上	E
及	S
石	B
头	I
口	E
一	B
带	E
分	B
布	E
，	S
从	B
而	E
说	B
明	E
了	S
早	B
更	I
新	I
世	E
的	S
古	B
赣	I
江	E
河	B
道	E
，	S
大	B
致	E
是	S
沿	B
着	E
向	B
塘	E
、	S
莲	B
塘	E
、	S
南	B
昌	I
市	E
西	B
侧	E
鄱	B
阳	I
断	I
陷	I
盆	I
地	E
的	S
边	B
缘	E
通	B
过	E
。	S

与	S
南	B
芬	I
组	E
分	B
布	E
范	B
围	E
大	B
致	E
相	B
同	E
，	S
在	S
磨	B
子	I
沟	E
、	S
石	B
墨	I
山	E
、	S
贾	B
彬	E
、	S
葠	B
窝	I
水	I
库	E
以	B
西	E
。	S

9	S
、	S
寒	B
亭	I
组	E
（	S
Q	B
h	I
h	I
t	E
）	S
主	B
要	E
分	B
布	E
于	S
大	B
沽	I
河	E
两	B
侧	E
及	S
五	B
龙	I
河	E
东	B
岸	E
。	S

分	B
布	E
在	S
辽	B
阳	I
县	I
下	I
达	I
河	I
乡	E
一	B
带	E
，	S
在	S
弓	B
长	I
岭	I
区	I
寒	I
岭	I
镇	E
有	S
少	B
量	E
出	B
露	E
。	S

岩	B
性	E
主	B
要	E
为	S
白	B
云	I
岩	I
大	I
理	I
岩	E
、	S
方	B
解	I
大	I
理	I
岩	E
及	S
二	B
云	I
石	I
英	I
片	I
岩	E
、	S
石	B
英	I
岩	E
、	S
二	B
长	I
变	I
粒	I
岩	E
、	S
含	B
电	I
气	I
黑	I
云	I
斜	I
长	I
变	I
粒	I
岩	E
及	S
更	B
长	I
变	I
粒	I
岩	E
，	S
局	B
部	E
夹	S
大	B
理	I
岩	E
、	S
石	B
英	I
斜	I
长	I
方	I
解	I
大	I
理	I
岩	I
夹	I
绿	I
泥	I
白	I
云	I
斜	I
长	I
变	I
粒	I
岩	E
等	S
。	S

岩	B
性	E
主	B
要	E
为	S
灰	B
色	I
中	I
细	I
砂	E
、	S
灰	B
白	I
色	I
中	I
粗	I
砂	I
含	I
砾	E
、	S
深	B
灰	I
色	I
细	I
砂	I
含	I
砾	E
。	S

矿	B
物	I
粒	B
径	E
1	B
～	I
2	I
m	I
m	E
，	S
其	B
中	E
的	S
斜	B
长	I
石	E
为	S
半	B
自	I
行	I
板	I
状	E
，	S
具	S
泥	B
化	E
和	S
绢	B
云	I
母	I
化	E
，	S
A	B
n	I
=	I
6	E
，	S
属	S
钠	B
长	I
石	E
。	S

片	B
状	I
矿	I
物	E
定	B
向	E
排	B
列	E
，	S
组	B
成	E
糜	B
棱	I
面	I
理	E
。	S

分	B
布	E
在	S
辽	B
阳	I
市	I
上	E
、	S
下	B
缸	I
窑	E
等	S
地	S
，	S
厚	B
度	E
4	B
0	I
-	I
1	I
7	I
0	I
m	E
。	S

（	S
三	S
）	S
上	B
更	I
新	I
统	E
（	S
Q	B
p	E
）	S
。	S

4	S
、	S
金	B
岗	I
口	I
组	E
（	S
K	B
j	E
）	S
见	B
于	E
莱	B
阳	I
市	I
金	I
岗	I
口	I
村	E
东	B
南	E
一	B
带	E
。	S

据	S
2	B
0	I
0	I
5	I
-	I
2	I
0	I
2	I
0	I
年	E
辽	B
阳	I
地	I
区	E
地	B
震	I
记	I
录	I
资	I
料	E
（	S
中	B
国	E
地	B
震	I
台	I
网	I
中	B
心	E
国	B
家	E
地	B
震	I
科	I
学	I
数	I
据	I
中	I
心	E
）	S
，	S
本	S
区	S
共	S
发	B
生	E
地	B
震	E
7	B
7	I
次	E
。	S

下	B
部	E
岩	B
性	E
为	S
黄	B
绿	I
色	I
粉	I
砂	I
质	I
页	I
岩	E
、	S
薄	B
-	I
微	I
薄	I
层	I
细	I
粒	I
石	I
英	I
砂	I
岩	I
夹	I
薄	I
层	I
泥	I
灰	I
岩	I
透	I
镜	I
体	E
，	S
中	B
部	E
浅	B
灰	I
色	I
薄	I
-	I
中	I
厚	I
层	I
泥	I
灰	I
岩	I
夹	I
灰	I
绿	I
色	I
粉	I
砂	I
质	I
页	I
岩	E
，	S
上	B
部	E
为	S
灰	B
紫	I
色	E
、	S
灰	B
绿	I
色	I
粉	I
砂	I
质	I
页	I
岩	I
夹	I
薄	I
层	I
细	I
粒	I
石	I
英	I
砂	I
岩	E
，	S
发	B
育	E
震	B
积	I
岩	E
和	S
滑	B
塌	I
砾	I
岩	E
。	S

（	S
四	S
）	S
北	B
北	I
东	I
向	E
断	B
裂	E
。	S

仅	S
零	B
星	E
出	B
露	E
于	S
规	B
划	I
区	E
北	B
部	E
塘	B
头	E
、	S
坝	B
上	I
村	E
、	S
上	B
溪	I
李	I
家	I
村	E
等	S
地	B
区	E
。	S

断	B
面	E
北	B
西	E
倾	S
，	S
倾	B
角	E
4	B
5	I
°	I
~	I
8	I
8	I
°	E
，	S
在	S
北	B
九	I
水	E
一	B
带	E
见	S
分	B
支	I
现	I
象	E
。	S

根	B
据	E
构	B
造	I
地	I
层	E
分	I
区	E
及	S
岩	B
石	I
地	I
层	I
单	I
位	I
群	E
、	S
组	S
建	B
立	E
原	B
则	E
，	S
仅	S
出	B
露	E
莲	B
荷	I
组	E
与	S
河	B
口	I
组	E
两	B
个	E
组	S
。	S

从	S
物	B
探	E
及	S
卫	B
片	I
资	I
料	E
分	B
析	E
，	S
断	B
裂	I
带	E
深	B
部	E
具	B
有	E
较	B
大	E
规	B
模	E
。	S

岩	B
性	E
以	S
灰	B
绿	I
色	E
、	S
黄	B
绿	I
色	I
泥	I
质	I
粉	I
砂	I
岩	E
、	S
粉	B
砂	I
岩	E
、	S
页	B
岩	E
等	S
为	B
主	E
夹	S
少	B
量	E
泥	B
灰	I
岩	E
、	S
油	B
页	I
岩	E
及	S
中	B
细	I
粒	I
砂	I
岩	E
等	S
，	S
层	B
厚	E
约	S
3	B
0	I
0	I
m	E
，	S
其	B
中	E
动	B
植	I
物	I
化	I
石	E
较	S
丰	B
富	E
。	S

岩	B
性	E
以	S
黄	B
褐	E
、	S
褐	B
黄	I
色	I
黄	I
土	E
、	S
粉	B
质	I
黏	I
土	E
为	B
主	E
。	S

分	B
带	E
不	S
明	B
显	E
，	S
据	S
梅	B
岭	I
公	I
路	E
旁	B
侧	E
观	B
察	E
，	S
中	B
部	E
为	S
强	B
糜	I
棱	I
岩	I
化	I
带	E
，	S
两	B
侧	E
渐	B
变	E
为	S
弱	B
糜	I
棱	I
岩	I
化	I
带	E
。	S

粒	B
度	I
成	I
分	E
“	S
下	S
粗	S
上	S
细	E
”	S
，	S
颗	B
粒	E
中	B
间	E
充	B
填	E
砂	B
土	E
、	S
粘	B
性	I
土	E
，	S
以	S
基	B
底	I
式	I
-	I
空	I
隙	I
式	I
充	I
填	E
为	B
主	E
，	S
物	B
质	I
成	I
分	E
以	S
花	B
岗	I
岩	E
、	S
火	B
山	I
杂	I
岩	E
为	B
主	E
，	S
且	S
水	B
平	I
层	I
理	E
和	S
斜	B
层	I
理	E
。	S

自	B
下	I
而	I
上	E
依	B
次	E
划	B
分	E
为	S
莱	B
阳	I
群	E
、	S
青	B
山	I
群	E
和	S
王	B
氏	I
群	E
等	S
3	B
个	E
群	S
，	S
包	B
括	E
1	B
8	I
个	E
组	B
级	I
单	I
位	E
。	S

该	S
方	B
位	I
断	B
裂	I
带	E
无	B
论	E
在	S
卫	B
片	E
还	S
是	E
在	S
航	B
片	E
上	S
均	S
显	B
示	E
十	B
分	E
清	B
晰	E
的	S
线	B
性	I
构	I
造	E
。	S

7	S
.	S
日	B
照	I
-	I
青	I
岛	I
断	I
裂	E
。	S

4	S
.	S
沧	B
口	I
断	I
裂	E
。	S

翁	B
家	I
沟	I
断	I
裂	E
：	S
呈	S
N	B
N	I
E	I
向	E
延	B
伸	E
，	S
区	S
内	S
延	B
长	E
3	B
k	I
m	E
。	S

三	S
、	S
岩	B
体	E
的	S
岩	B
性	E
均	S
为	S
二	B
长	I
花	I
岗	I
岩	E
，	S
属	S
一	B
期	I
结	I
构	E
。	S

岩	B
石	E
呈	S
灰	B
绿	I
～	I
果	I
绿	I
色	E
，	S
具	S
辉	B
长	I
～	I
嵌	I
晶	I
含	I
长	I
结	I
构	E
或	S
残	B
余	E
辉	B
长	I
结	I
构	E
及	S
粒	B
柱	I
状	I
变	I
晶	I
结	I
构	E
，	S
块	B
状	I
构	I
造	E
。	S

雷	B
公	I
尖	I
岩	I
体	E
岩	B
性	E
为	S
中	B
细	I
粒	I
黑	I
云	I
母	I
二	I
长	I
花	I
岗	I
岩	E
，	S
岩	B
石	E
呈	S
灰	B
白	I
色	E
，	S
风	B
化	E
后	S
浅	B
红	I
色	E
，	S
中	B
细	I
粒	I
结	I
构	E
，	S
块	B
状	I
构	I
造	E
。	S

岩	B
性	E
主	B
要	E
为	S
灰	B
黑	I
色	I
粘	I
土	E
、	S
砂	B
质	I
粘	I
土	E
等	S
，	S
含	S
淡	B
水	I
螺	I
壳	E
，	S
现	S
多	S
被	S
改	B
造	E
为	S
鱼	S
、	S
虾	B
池	E
，	S
该	S
组	S
厚	B
度	E
可	S
达	S
6	B
.	I
5	I
m	E
。	S

莱	B
阳	I
群	E
主	B
要	E
分	B
布	E
于	S
工	B
作	I
区	E
西	S
、	S
北	B
部	E
莱	B
盆	I
地	E
中	S
，	S
自	B
下	I
而	I
上	E
共	S
划	B
分	E
为	S
9	B
个	E
组	S
，	S
各	S
组	S
间	S
均	S
为	S
整	B
合	E
或	S
相	B
变	I
接	I
触	E
。	S

侏	B
罗	I
纪	I
侵	I
入	I
岩	E
主	B
要	E
为	S
中	B
细	I
粒	I
二	I
长	I
花	I
岗	I
岩	E
、	S
中	B
细	I
粒	I
黑	I
云	I
母	I
二	I
长	I
花	I
岗	I
岩	E
（	S
U	B
-	I
P	I
b	E
年	B
龄	E
1	B
3	I
0	I
-	I
1	I
3	I
9	I
M	I
a	E
）	S
，	S
呈	S
岩	B
株	I
状	E
分	B
布	E
在	S
隆	B
昌	I
镇	I
-	I
吉	I
洞	I
峪	I
乡	E
西	B
侧	E
。	S

7	S
、	S
潍	B
北	I
组	E
（	S
Q	B
h	I
w	E
）	S
分	B
布	E
于	S
区	S
南	B
部	E
缘	S
各	S
大	B
河	E
流	S
入	B
海	I
口	E
处	S
。	S

大	B
麻	I
湾	E
附	B
近	E
断	B
裂	E
西	B
盘	I
岩	I
层	E
倾	B
向	E
南	B
南	I
西	E
，	S
东	B
盘	I
岩	I
层	E
倾	B
向	E
西	S
。	S

2	S
、	S
辛	B
格	I
庄	I
组	E
(	S
K	B
x	E
)	S
分	B
部	E
于	S
平	B
度	I
市	I
古	I
岘	I
镇	E
、	S
莱	B
西	I
市	I
牛	I
溪	I
埠	E
、	S
莱	B
阳	I
市	I
柏	I
林	I
庄	I
镇	E
、	S
海	B
阳	I
市	I
发	I
城	I
镇	E
一	B
线	E
，	S
呈	S
N	B
E	I
向	E
展	B
布	E
，	S
另	B
外	E
在	S
即	B
墨	I
市	I
段	I
泊	I
岚	E
、	S
南	B
泉	E
一	B
带	E
亦	S
有	S
出	B
露	E
。	S

（	S
3	S
）	S
活	B
动	E
期	B
次	E
及	S
性	B
质	E
。	S

岩	B
石	E
种	B
类	E
不	B
多	E
，	S
岩	B
浆	I
岩	I
类	I
型	E
以	S
中	B
酸	I
性	I
花	I
岗	I
岩	E
为	B
主	E
，	S
少	B
量	E
基	B
性	I
～	I
超	I
基	I
性	I
岩	E
，	S
主	B
体	E
岩	B
性	E
为	S
中	B
细	I
粒	I
似	I
斑	I
状	I
黑	I
云	I
母	I
花	I
岗	I
闪	I
长	I
岩	E
，	S
极	B
少	I
部	B
分	E
酸	B
性	I
脉	I
岩	E
。	S

英	B
云	I
闪	I
长	I
岩	E
主	B
要	E
由	S
出	B
露	E
于	S
规	B
划	I
区	E
中	B
西	I
部	E
张	B
家	E
，	S
南	B
源	E
一	B
带	E
，	S
在	S
本	S
规	B
划	I
区	E
内	S
出	B
露	E
面	B
积	E
2	B
7	I
.	I
2	I
8	I
k	I
m	I
2	E
，	S
约	S
占	S
规	B
划	I
区	E
总	S
面	B
积	E
的	S
1	B
.	I
9	I
5	I
％	E
。	S

以	S
大	B
沽	I
河	I
断	I
裂	E
为	B
例	E
，	S
断	B
裂	E
位	B
于	E
工	B
作	I
区	E
中	B
北	I
部	E
，	S
纵	B
贯	E
南	B
北	E
，	S
沿	S
大	B
沽	I
河	E
隐	B
伏	E
分	B
布	E
。	S

晚	B
白	I
垩	I
世	I
末	E
至	S
新	B
生	I
代	E
以	B
来	E
，	S
在	S
南	B
北	I
向	E
拉	B
张	I
应	I
力	I
场	I
作	I
用	E
下	S
，	S
东	B
西	I
向	E
断	B
裂	E
重	S
又	S
显	B
示	E
张	B
性	I
结	I
构	I
面	E
，	S
从	B
而	E
在	S
断	B
裂	E
两	S
盘	E
常	S
形	B
成	E
反	B
差	E
明	B
显	E
的	S
地	B
貌	I
态	I
势	E
。	S

主	B
要	E
见	S
第	B
四	I
系	E
，	S
广	B
泛	E
分	B
布	E
于	S
辽	B
阳	I
市	E
西	B
部	E
平	B
原	I
区	E
和	S
东	B
部	E
山	B
区	E
河	B
谷	E
地	B
段	E
。	S

止	B
凤	I
庄	I
组	E
总	B
体	E
属	B
于	E
山	B
麓	I
洪	I
冲	I
积	I
相	E
、	S
河	B
流	I
相	I
沉	I
积	E
。	S

详	B
细	E
见	S
“	S
第	B
三	I
节	I
第	I
四	I
纪	I
地	I
质	E
”	S
描	B
述	E
。	S

莱	B
西	I
市	I
牛	I
溪	I
埠	E
一	B
带	E
八	B
亩	I
地	I
组	E
与	S
下	B
伏	E
曲	B
格	I
庄	I
组	E
不	B
整	I
合	I
接	I
触	E
，	S
与	S
上	B
覆	E
王	B
氏	I
群	I
林	I
家	I
庄	I
组	E
不	B
整	I
合	I
接	I
触	E
，	S
石	B
前	I
庄	I
组	E
呈	S
楔	B
状	E
、	S
透	B
镜	I
状	E
产	S
于	S
其	B
中	E
，	S
八	B
亩	I
地	I
组	E
主	B
要	E
岩	B
性	E
为	S
中	B
基	I
性	I
火	I
山	I
碎	I
屑	I
岩	I
夹	I
安	I
山	I
岩	E
、	S
橄	B
榄	I
玄	I
武	I
岩	E
等	S
，	S
厚	B
度	E
3	B
3	I
2	I
.	I
4	I
1	I
m	E
。	S

根	B
据	E
岩	B
石	I
结	I
构	E
特	B
点	E
和	S
形	B
变	E
强	B
度	E
，	S
大	B
致	E
可	S
分	B
为	E
三	B
个	E
带	S
：	S
A	S
、	S
糜	B
棱	I
岩	I
化	I
混	I
合	I
片	I
麻	I
岩	I
带	E
，	S
位	B
于	E
韧	B
性	I
剪	I
切	I
带	E
的	S
南	B
东	I
侧	E
，	S
宽	S
约	S
5	B
0	I
0	I
～	I
7	I
0	I
0	I
m	E
，	S
其	B
中	E
长	B
英	I
质	I
矿	I
物	E
多	S
已	S
压	B
扁	E
拉	B
长	E
呈	S
眼	B
球	I
状	E
或	S
透	B
镜	I
状	E
，	S
石	B
英	E
具	S
波	B
状	I
消	I
光	E
，	S
片	B
状	I
黑	I
云	I
母	E
具	S
定	B
向	E
排	B
列	E
，	S
同	B
时	E
可	S
见	S
滑	B
动	I
片	I
理	E
；	S
B	S
、	S
糜	B
棱	I
岩	I
化	I
花	I
岗	I
岩	I
质	I
混	I
合	I
片	I
麻	I
岩	I
带	E
，	S

位	B
于	E
新	B
建	I
县	E
北	B
北	I
东	E
1	B
6	I
k	I
m	E
之	S
乐	B
化	I
-	I
李	I
家	I
边	E
一	B
带	E
，	S
沿	S
北	B
东	I
向	E
断	B
裂	I
带	E
呈	S
岩	B
墙	I
状	E
断	S
续	S
出	B
露	E
，	S
长	S
约	S
7	B
k	I
m	E
，	S
宽	S
约	S
2	B
0	I
0	I
～	I
4	I
0	I
0	I
m	E
不	B
等	E
。	S

分	B
布	E
范	B
围	E
基	B
本	E
与	S
崮	B
山	I
组	E
相	B
同	E
，	S
厚	S
5	B
0	I
～	I
8	I
0	I
m	E
。	S

根	B
据	E
构	B
造	I
地	I
层	E
分	I
区	E
及	S
岩	B
石	I
地	I
层	I
单	I
位	I
群	E
、	S
组	S
建	B
立	E
原	B
则	E
，	S
仅	S
出	B
露	E
牛	B
头	I
岭	I
组	E
与	S
安	B
乐	I
林	I
组	E
两	B
个	E
组	S
，	S
属	S
扬	B
子	I
地	I
层	I
区	E
。	S

4	S
.	S
寒	B
武	I
系	I
崮	I
山	I
组	E
（	S
∈	B
g	E
）	S
。	S

以	S
七	B
级	I
-	I
马	I
山	I
断	I
裂	E
为	B
例	E
，	S
该	S
断	B
裂	E
在	S
青	B
岛	I
市	E
北	B
西	I
侧	E
七	B
级	I
-	I
马	I
山	E
一	B
带	E
，	S
主	B
体	E
由	S
两	B
条	E
平	B
行	E
的	S
断	B
裂	E
组	B
成	E
。	S

其	S
超	B
覆	E
于	S
古	B
元	I
古	I
代	I
荆	I
山	I
群	E
之	B
上	E
，	S
整	B
合	E
于	S
止	B
凤	I
庄	I
组	E
之	B
下	E
，	S
或	S
与	S
止	B
凤	I
庄	I
组	E
呈	S
锯	B
齿	I
状	E
横	B
向	E
相	B
变	E
过	B
渡	E
。	S

岩	B
性	E
以	S
中	B
基	I
性	I
火	I
山	I
岩	E
发	B
育	E
为	S
特	B
征	E
，	S
其	B
中	E
可	S
见	S
紫	B
色	E
、	S
灰	B
色	I
砂	I
-	I
砾	I
岩	E
夹	B
层	E
。	S

龙	B
旺	I
庄	I
组	E
是	S
湖	B
泊	E
消	B
亡	E
初	B
期	E
的	S
浅	B
湖	I
相	E
、	S
河	B
口	I
三	I
角	I
洲	I
相	I
沉	I
积	E
。	S

前	B
者	E
以	S
构	B
造	I
片	I
麻	I
岩	E
、	S
片	B
岩	E
、	S
糜	B
棱	I
岩	E
为	B
主	E
，	S
分	B
布	E
在	S
太	B
古	I
宙	I
地	I
质	I
体	E
糜	B
棱	I
岩	I
带	I
-	I
韧	I
性	I
剪	I
切	I
带	E
中	S
；	S
后	B
者	E
岩	B
性	E
主	B
要	E
为	S
构	B
造	I
角	I
砾	I
岩	E
、	S
碎	B
裂	I
岩	E
，	S
分	B
布	E
在	S
构	B
造	I
破	I
碎	I
带	E
或	S
韧	B
性	I
剪	I
切	I
带	E
中	S
。	S

（	S
1	S
）	S
北	B
东	I
向	E
断	B
裂	E
。	S

为	S
Ⅳ	B
级	I
构	I
造	I
单	I
元	E
诸	B
城	I
断	I
块	E
与	S
胶	B
南	I
断	I
块	E
的	S
分	B
界	I
断	I
裂	E
。	S

砾	B
石	E
含	B
量	E
普	B
遍	E
较	B
高	E
，	S
一	B
般	E
7	B
0	I
%	I
～	I
8	I
3	I
%	E
，	S
磨	B
圆	I
度	E
较	B
高	E
，	S
分	B
选	I
性	E
较	B
差	E
。	S

斜	B
长	I
石	E
具	S
绢	B
云	I
母	I
化	E
。	S

工	B
作	I
区	E
侵	B
入	I
岩	E
主	B
要	E
分	B
布	E
在	S
偏	B
岭	I
-	I
寒	I
岭	I
断	I
裂	I
带	E
南	B
侧	E
区	B
域	E
弓	B
长	I
岭	E
与	S
辽	B
阳	I
县	E
、	S
灯	B
塔	I
市	E
东	B
部	E
交	B
汇	I
地	I
带	E
和	S
辽	B
阳	I
县	E
南	B
部	E
基	B
岩	I
区	E
，	S
岩	B
体	E
分	B
布	E
受	S
构	B
造	I
控	B
制	E
明	B
显	E
。	S

1	S
、	S
褶	B
皱	I
构	I
造	I
特	I
征	E
。	S

2	S
、	S
白	B
垩	I
纪	I
地	I
层	E
。	S

根	B
据	E
新	B
编	I
地	I
质	I
志	E
，	S
中	B
～	I
酸	I
性	I
侵	I
入	I
岩	E
主	B
要	E
填	B
图	I
单	I
位	E
有	S
白	B
垩	I
纪	I
早	I
世	I
团	I
山	I
中	I
细	I
粒	I
似	I
斑	I
状	I
钾	I
长	I
花	I
岗	I
岩	E
、	S
侏	B
罗	I
纪	I
中	I
世	I
古	I
阳	I
寨	I
中	I
细	I
粒	I
似	I
斑	I
状	I
黑	I
云	I
母	I
二	I
长	I
花	I
岗	I
岩	E
、	S
青	B
白	I
口	I
纪	I
早	I
世	I
九	I
岭	I
花	I
岗	I
岩	I
类	E
、	S
基	B
性	I
～	I
超	I
基	I
性	I
岩	E
主	B
要	E
填	B
图	I
单	I
位	E
有	S
白	B
垩	I
纪	I
早	I
世	I
辉	I
长	I
辉	I
绿	I
玢	I
岩	E
，	S
辉	B
长	I
岩	E
。	S

具	S
辉	B
长	I
辉	I
绿	I
结	I
构	E
和	S
块	B
状	I
构	I
造	E
。	S

中	B
更	I
新	I
世	E
，	S
由	B
于	E
西	B
部	E
相	B
对	E
缓	B
慢	E
抬	B
升	E
，	S
古	B
赣	I
江	E
河	B
道	E
已	S
向	S
东	S
迁	B
移	E
至	S
广	B
福	E
、	S
向	B
塘	E
、	S
罗	B
家	I
集	E
及	S
两	B
山	I
口	E
一	B
带	E
，	S
至	B
于	E
新	B
建	I
县	I
后	I
湖	E
地	I
区	E
的	S
中	B
更	I
新	I
统	I
进	I
贤	I
组	I
砾	I
石	I
层	E
，	S
可	B
能	E
为	S
当	B
时	E
赣	B
江	E
支	B
流	E
的	S
沉	B
积	I
物	E
。	S

黏	B
性	I
土	I
层	E
多	S
含	B
有	E
铁	B
锰	I
结	I
核	E
，	S
由	S
山	S
前	S
至	S
平	B
原	I
区	E
逐	B
渐	E
增	B
厚	E
；	S
在	S
东	B
京	I
陵	E
至	S
沙	B
浒	E
、	S
铧	B
子	E
一	B
带	E
，	S
分	B
布	E
有	S
厚	S
约	S
7	B
m	E
褐	B
色	I
黄	I
土	I
层	E
。	S

并	S
在	S
该	S
断	B
层	E
西	B
北	I
侧	E
之	S
千	B
枚	I
岩	I
层	E
中	S
，	S
形	B
成	E
一	B
系	I
列	E
反	B
向	E
的	S
逆	B
冲	I
断	I
裂	I
带	E
，	S
断	B
面	E
倾	B
向	E
南	B
东	E
，	S
倾	B
角	E
变	B
化	E
于	S
3	B
5	I
°	I
～	I
7	I
5	I
°	E
之	B
间	E
。	S

1	S
、	S
后	B
夼	I
组	E
（	S
K	B
h	E
）	S
主	B
要	E
分	B
布	E
于	S
即	B
墨	I
区	E
一	B
带	E
，	S
另	B
外	E
胶	B
州	I
市	I
河	I
套	I
镇	E
一	B
带	E
也	S
有	S
少	B
量	E
出	B
露	E
。	S

老	B
齐	I
岭	I
-	I
高	I
家	I
沟	I
复	I
背	I
斜	E
：	S
轴	B
向	E
E	B
W	E
，	S
倾	B
向	E
N	S
，	S
南	B
翼	E
为	S
浪	B
子	I
山	I
组	E
、	S
北	B
翼	E
为	S
南	B
华	E
、	S
寒	B
武	E
及	S
奥	B
陶	I
系	E
。	S

该	S
组	S
岩	B
性	E
下	B
部	E
以	S
灰	B
色	I
中	I
厚	I
层	I
花	I
纹	I
状	I
燧	I
石	I
条	I
带	I
白	I
云	I
质	I
灰	I
岩	E
、	S
白	B
云	I
岩	E
、	S
泥	B
晶	I
灰	I
岩	E
为	B
主	E
，	S
上	B
部	E
以	S
灰	B
白	I
色	I
薄	I
-	I
中	I
厚	I
层	I
含	I
燧	I
石	I
结	I
核	I
粉	I
晶	I
白	I
云	I
岩	E
，	S
夹	S
厚	B
-	I
中	I
厚	I
层	I
白	I
云	I
质	I
灰	I
岩	E
等	S
。	S

上	B
更	I
新	I
统	I
上	I
段	E
：	S
该	S
段	S
的	S
岩	B
性	E
以	S
砾	B
砂	E
、	S
中	B
粗	I
砂	E
、	S
细	B
砂	E
、	S
砂	B
质	I
粘	I
土	E
为	B
主	E
，	S
局	B
部	E
含	S
铁	B
染	E
和	S
植	B
物	E
的	S
根	B
系	I
物	E
，	S
表	B
层	E
含	S
较	B
多	E
的	S
钙	B
质	I
结	I
核	E
。	S

北	B
段	E
武	B
备	E
一	B
带	E
，	S
王	B
氏	I
群	E
底	B
部	E
不	B
整	I
合	I
面	E
被	S
左	B
行	E
错	B
断	E
达	S
8	B
k	I
m	E
。	S

国	B
内	E
有	S
学	B
者	E
对	S
胶	B
州	I
湾	I
第	B
四	I
纪	I
划	I
分	E
提	B
出	E
如	B
下	E
参	B
考	E
方	B
案	E
：	S
第	B
四	I
纪	I
地	I
层	I
划	I
分	E
参	B
考	E
方	B
案	E
。	S

褶	B
皱	E
均	S
有	S
莱	B
阳	I
群	I
止	I
凤	I
庄	I
组	I
地	I
层	E
构	B
成	E
。	S

郯	B
庐	I
断	I
裂	E
为	S
控	B
制	E
本	S
区	S
构	B
造	I
形	I
态	E
的	S
主	B
要	E
的	S
深	B
大	I
断	I
裂	E
，	S
在	S
调	B
查	I
区	E
内	S
主	B
要	E
表	B
现	E
为	S
营	B
口	I
-	I
佟	I
二	I
堡	I
断	I
裂	E
（	S
依	B
兰	I
伊	I
通	I
断	I
裂	I
带	E
西	B
南	I
侧	E
）	S
、	S
偏	B
岭	I
-	I
寒	I
岭	I
断	I
裂	I
带	E
。	S

其	S
岩	B
石	I
类	I
型	E
为	S
中	B
细	I
粒	I
二	I
长	I
黑	I
云	I
花	I
岗	I
岩	E
，	S
呈	S
岩	B
瘤	I
状	E
产	B
出	E
，	S
椭	B
形	I
态	E
不	S
规	B
则	E
。	S

侵	B
入	E
于	S
变	B
质	I
地	I
层	E
和	S
早	B
期	I
岩	I
体	E
中	S
，	S
接	B
触	I
面	E
一	B
般	E
平	B
直	E
，	S
为	S
突	B
变	I
界	I
线	E
，	S
少	B
数	E
交	B
代	E
为	S
渐	B
变	I
界	I
线	E
，	S
可	B
见	E
锯	B
齿	I
状	E
、	S
舒	B
缓	I
波	I
状	E
。	S

动	B
力	I
变	I
质	I
岩	E
，	S
按	S
成	B
因	E
分	B
为	E
鞍	B
山	I
旋	I
回	I
动	I
力	I
变	I
质	I
岩	E
和	S
吕	B
梁	I
旋	I
回	I
动	I
力	I
变	I
质	I
岩	E
。	S

碎	B
裂	E
岩	B
化	I
程	I
度	E
由	S
外	S
向	S
内	S
变	S
强	S
，	S
发	B
育	E
小	B
规	I
模	E
逆	B
冲	I
断	I
层	E
。	S

下	S
与	S
下	B
伏	E
牛	I
头	I
岭	I
组	E
呈	S
沉	B
积	I
不	I
整	I
合	I
接	I
触	E
。	S

在	S
本	S
规	B
划	I
区	E
内	S
出	B
露	E
面	B
积	E
1	B
0	I
.	I
0	I
2	I
k	I
m	I
2	E
，	S
约	S
占	S
规	B
划	I
区	E
总	S
面	B
积	E
的	S
0	B
.	I
7	I
2	I
％	E
。	S

2	S
.	S
鞍	B
山	I
岩	I
群	I
大	I
峪	I
沟	I
组	E
（	S
A	B
r	I
d	E
）	S
。	S

1	S
.	S
辽	B
河	I
群	I
浪	I
子	I
山	I
组	E
（	S
P	B
t	I
l	E
）	S
。	S

该	S
岩	B
体	E
侵	B
入	E
九	B
岭	I
花	I
岗	I
岩	I
岩	I
类	I
—	I
牛	I
岭	I
岩	I
体	E
(	S
γ	B
δ	I
P	I
t	I
3	I
1	I
b	I
～	I
2	E
)	S
，	S
超	B
动	I
侵	I
入	I
接	I
触	I
关	I
系	E
十	B
分	E
清	B
楚	E
，	S
接	B
触	I
面	E
均	S
外	B
倾	E
，	S
倾	B
角	E
7	B
0	I
～	I
8	I
0	I
°	E
。	S

仅	S
零	B
星	E
出	B
露	E
于	S
碟	B
子	I
湖	I
王	I
家	I
楼	E
、	S
龙	B
和	I
团	E
等	S
地	B
区	E
。	S

（	S
1	S
）	S
新	B
余	I
组	E
(	S
E	B
1	I
-	I
2	I
x	E
)	S
。	S

岩	B
性	E
以	S
灰	B
色	I
中	I
厚	I
层	I
砾	I
屑	I
灰	I
岩	E
与	S
薄	B
-	I
泥	I
质	I
条	I
带	I
灰	I
岩	E
、	S
花	B
纹	I
灰	I
岩	E
、	S
浅	B
灰	I
色	I
厚	I
-	I
中	I
厚	I
层	I
含	I
藻	I
泥	I
粉	I
晶	I
灰	I
岩	E
（	S
藻	B
灰	I
岩	E
）	S
为	B
主	E
，	S
夹	S
薄	B
层	I
瘤	I
状	I
灰	I
岩	E
、	S
泥	B
质	I
条	I
纹	I
灰	I
岩	E
、	S
藻	B
灰	I
岩	E
等	S
。	S

中	B
部	E
主	B
要	E
为	S
凝	B
灰	I
质	I
千	I
枚	I
岩	E
，	S
千	B
枚	I
状	I
细	I
屑	I
夹	I
粉	I
屑	I
沉	I
凝	I
灰	I
岩	E
、	S
中	S
夹	S
少	B
量	E
含	B
炭	I
凝	I
灰	I
质	I
千	I
枚	I
状	I
板	I
岩	E
，	S
偶	S
具	S
水	B
平	I
纹	I
理	E
和	S
微	B
细	E
韵	B
律	I
结	I
构	E
，	S
厚	S
约	S
2	B
1	I
3	I
m	E
。	S

（	S
五	S
）	S
上	B
古	I
生	I
界	E
。	S

岩	B
性	E
主	B
要	E
为	S
灰	B
紫	I
色	I
薄	I
-	I
中	I
厚	I
层	I
中	I
细	I
粒	I
鲕	I
粒	I
灰	I
岩	E
、	S
紫	B
色	I
粉	I
砂	I
质	I
页	I
岩	I
夹	I
灰	I
绿	I
色	I
粉	I
砂	I
质	I
页	I
岩	E
、	S
薄	B
层	I
泥	I
灰	I
岩	E
及	S
薄	B
层	I
砾	I
屑	I
灰	I
岩	E
、	S
灰	B
色	I
薄	I
-	I
中	I
厚	I
层	I
粉	I
晶	I
灰	I
岩	E
，	S
底	B
部	E
见	S
紫	B
色	I
石	I
灰	I
岩	I
质	I
砾	I
岩	E
，	S
偶	S
见	S
沉	B
积	I
间	I
断	I
面	E
。	S

东	B
铁	B
骑	I
后	I
沧	I
口	I
断	I
裂	I
剖	I
面	E
显	B
示	E
沧	B
口	I
断	I
裂	E
出	B
露	E
宽	B
度	E
5	B
2	I
m	E
，	S
主	S
断	B
面	E
产	B
状	E
3	B
0	I
0	I
°	I
∠	I
8	I
0	I
°	E
，	S
从	S
外	S
而	S
内	S
其	S
变	B
形	I
强	I
度	E
增	B
加	E
而	S
显	B
示	E
出	S
较	S
明	B
显	E
的	S
分	B
带	I
性	E
。	S

（	S
2	S
）	S
剖	B
面	I
特	I
征	I
断	I
裂	E
。	S

与	S
上	B
覆	I
盖	I
县	I
组	E
（	S
P	B
t	I
g	I
x	E
）	S
、	S
青	B
白	I
口	I
系	I
钓	I
鱼	I
台	I
组	E
（	S
Q	B
b	I
d	E
）	S
呈	S
平	B
行	I
不	I
整	I
合	I
接	I
触	E
。	S

第	B
三	I
节	E
，	S
第	B
四	I
纪	E
地	B
质	I
特	I
征	E
。	S

细	B
晶	I
岩	E
、	S
花	B
岗	I
伟	I
晶	I
岩	I
脉	E
应	B
该	E
是	S
岩	B
浆	I
期	I
后	I
热	I
液	E
。	S

断	B
裂	E
走	B
向	E
比	B
较	E
稳	B
定	E
，	S
总	B
体	E
走	B
向	E
8	B
0	I
°	E
，	S
南	S
倾	S
，	S
倾	B
角	E
6	B
5	I
°	I
~	I
8	I
0	I
°	E
，	S
断	B
裂	E
以	S
张	B
性	I
活	I
动	E
为	B
主	E
，	S
形	B
成	E
南	S
低	S
北	S
高	S
的	S
陡	B
坎	I
地	I
貌	E
，	S
并	S
构	B
成	E
杜	B
村	I
组	E
与	S
石	B
前	I
庄	I
组	E
、	S
红	B
土	I
崖	I
组	E
之	S
分	B
界	I
线	E
。	S

全	B
新	I
世	I
较	E
稳	B
定	E
阶	B
段	E
冲	B
积	I
相	E
、	S
冲	B
洪	I
积	I
相	E
及	S
坡	B
洪	I
积	I
相	I
沉	I
积	E
时	B
期	E
。	S

岩	B
性	E
以	S
杂	B
色	E
（	S
紫	S
、	S
黄	B
绿	E
、	S
灰	B
绿	I
色	E
）	S
细	B
-	I
粉	I
砂	I
岩	E
为	B
主	E
，	S
夹	S
少	B
量	E
砂	B
砾	I
岩	E
及	S
泥	B
灰	I
岩	E
等	S
，	S
局	B
部	E
地	B
区	E
见	S
玄	B
武	I
岩	E
夹	B
层	E
，	S
称	B
为	E
段	B
泊	I
岚	I
玄	I
武	I
岩	I
段	E
。	S

据	S
南	B
昌	I
地	I
区	E
一	B
比	I
五	I
万	I
布	I
格	E
分	B
析	E
：	S
规	B
划	I
区	E
内	S
存	B
在	E
二	B
个	E
近	S
南	B
北	I
向	E
凹	B
陷	E
。	S

该	S
侵	B
入	I
体	E
与	S
牛	B
岭	I
岩	I
体	E
(	S
γ	B
δ	I
P	I
t	I
3	I
b	I
～	I
2	E
)	S
呈	S
脉	B
动	I
侵	I
入	I
接	I
触	E
，	S
侵	B
入	I
体	E
边	B
缘	E
见	S
2	B
～	I
5	I
c	I
m	E
的	S
冷	B
凝	I
边	E
，	S
接	B
触	I
面	E
外	B
倾	E
，	S
倾	B
角	E
5	B
0	I
°	I
～	I
6	I
0	I
°	E
，	S
接	B
触	I
面	E
较	B
为	E
平	B
整	E
。	S

岩	B
性	E
为	S
上	B
部	E
为	S
厚	B
层	I
状	I
凝	I
灰	I
质	I
板	I
岩	E
，	S
下	B
部	E
为	S
厚	B
层	I
状	I
绢	I
云	I
母	I
板	I
岩	E
，	S
本	S
组	S
板	B
岩	E
中	S
常	S
含	S
条	B
纹	I
条	I
带	E
构	B
造	E
成	B
为	E
其	S
特	B
征	E
之	B
一	E
。	S

从	S
岩	B
石	I
变	I
形	E
的	S
微	B
观	I
特	I
点	E
来	B
看	E
，	S
动	B
力	I
变	I
质	I
岩	E
可	S
分	B
为	E
两	B
种	E
类	B
型	E
，	S
一	B
是	E
片	B
岩	I
类	E
；	S
而	S
是	E
糜	B
棱	I
岩	I
系	I
岩	I
石	I
类	E
。	S

主	B
要	E
有	S
：	S
（	S
1	S
）	S
青	B
山	I
湖	E
凹	I
陷	E
，	S
呈	S
北	B
东	I
东	I
向	E
椭	B
圆	I
状	E
展	B
布	E
于	S
贤	B
士	I
湖	E
、	S
青	B
山	I
湖	E
及	S
胡	B
公	I
庙	E
等	S
地	S
，	S
重	B
力	E
最	B
低	E
值	S
为	S
0	B
.	I
9	I
m	I
g	I
l	E
；	S
（	S
2	S
）	S
璜	B
溪	I
—	I
塘	I
山	I
凹	I
陷	E
，	S
呈	S
北	B
东	I
东	E
透	B
镜	I
状	E
展	B
布	E
于	S
横	B
溪	E
、	S
省	B
庄	E
和	S
新	B
建	E
以	B
南	E
地	B
区	E
，	S
重	B
力	E
最	B
低	E
值	S
分	B
别	E
为	S
0	B
.	I
5	I
m	I
g	I
l	E
。	S

主	B
要	E
分	B
布	E
于	S
弓	B
长	I
岭	I
汤	I
河	I
水	I
库	E
一	B
带	E
、	S
上	B
麻	I
屯	E
至	S
水	B
泉	I
村	E
、	S
黑	B
牛	I
庄	E
一	B
带	E
，	S
最	B
大	E
厚	B
度	E
9	B
8	I
0	I
m	E
。	S

副	B
矿	I
物	E
以	S
磁	B
铁	I
矿	E
、	S
独	B
居	I
石	E
为	B
主	E
。	S

