差	B
异	I
性	E
表	B
现	E
在	S
不	B
同	E
断	B
块	E
升	B
降	E
幅	B
度	E
上	S
的	S
差	B
异	E
，	S
或	S
上	B
升	I
区	E
局	B
部	E
下	B
降	E
，	S
下	B
降	I
区	E
局	B
部	E
上	B
升	E
。	S

变	B
质	I
表	I
壳	I
岩	I
组	I
合	E
与	S
其	S
对	B
应	E
的	S
荆	B
山	I
群	I
同	B
位	I
素	E
年	B
龄	E
大	B
致	E
集	B
中	E
在	S
1	B
8	I
0	I
0	E
~	S
2	I
5	I
0	I
0	I
M	I
a	E
，	S
推	B
测	E
该	S
变	B
质	I
表	I
壳	I
岩	I
组	I
合	E
形	B
成	E
于	S
古	B
元	I
古	I
代	E
。	S

据	S
有	B
关	E
资	B
料	E
分	B
析	E
，	S
该	S
断	B
裂	E
由	S
红	B
石	I
崖	E
上	O
岸	E
可	S
与	S
五	B
莲	I
-	I
青	I
岛	I
断	I
裂	E
链	B
接	E
。	S

冲	B
积	I
相	I
地	I
层	E
（	S
Q	B
p	I
a	I
l	E
）	S
主	B
要	E
分	B
布	E
在	S
本	S
区	S
山	B
前	I
冲	I
积	I
扇	I
地	I
带	E
，	S
埋	B
深	E
-	B
7	I
0	I
m	E
至	S
-	B
1	I
5	I
0	I
m	E
，	S
层	B
厚	E
约	S
5	B
0	I
m	E
，	S
岩	B
性	E
在	S
扇	B
顶	E
部	B
位	E
为	S
砾	B
卵	I
石	E
、	S
砂	B
砾	I
石	I
层	E
（	S
砾	B
径	E
2	B
-	I
5	I
m	I
m	E
，	S
局	B
部	E
1	B
5	I
0	I
m	I
m	E
，	S
石	B
英	I
岩	I
砾	E
为	B
主	E
）	S
；	S
在	S
扇	S
中	S
向	O
西	S
，	S
岩	B
性	E
变	S
细	S
，	S
以	S
中	B
粗	I
砂	E
、	S
中	B
砂	I
层	E
为	B
主	E
；	S
至	S
扇	B
缘	E
为	S
细	B
颗	I
粒	I
黏	I
性	I
土	E
。	S

3	S
、	S
红	B
土	I
崖	I
组	E
(	S
K	B
h	E
)	S
主	B
要	E
分	B
布	E
于	S
莱	B
阳	I
市	I
-	I
莱	I
西	I
市	I
-	I
胶	I
州	I
市	E
一	B
线	E
，	S
其	B
中	E
莱	B
阳	I
市	I
西	I
红	I
土	I
崖	I
村	E
一	B
带	E
露	B
头	E
良	B
好	E
，	S
其	B
余	E
地	B
区	E
露	B
头	E
较	B
差	E
，	S
第	B
四	I
系	E
覆	B
盖	E
严	B
重	E
。	S

第	B
四	I
系	E
以	B
来	E
，	S
据	S
现	B
有	E
资	B
料	E
分	B
析	E
，	S
挽	B
近	I
时	I
期	E
，	S
区	S
内	S
仍	S
有	S
不	B
同	E
形	B
式	E
和	S
不	B
同	E
程	B
度	E
的	S
构	B
造	I
活	I
动	E
，	S
主	B
要	E
反	B
映	E
为	S
某	B
些	E
断	B
裂	E
或	S
断	B
裂	I
带	E
的	S
挽	B
近	I
活	I
动	E
，	S
多	B
次	E
的	S
微	B
震	I
作	I
用	E
和	S
不	B
同	E
区	B
段	E
的	S
差	B
异	I
升	I
降	I
运	I
动	E
。	S

分	B
布	E
于	S
胶	B
州	I
湾	E
周	B
围	E
的	S
北	B
东	I
东	I
向	E
断	B
裂	E
有	S
城	B
阳	E
、	S
庙	B
头	I
-	I
后	I
桃	I
林	E
、	S
后	B
韩	I
家	I
-	I
西	I
黄	I
埠	E
、	S
甲	B
角	I
石	E
、	S
山	B
东	I
头	E
等	S
断	B
裂	E
。	S

西	B
南	I
段	E
之	S
赢	B
上	E
一	B
带	E
，	S
露	B
头	E
亦	S
较	B
好	E
，	S
断	B
层	E
西	B
北	I
侧	E
之	S
千	B
枚	I
岩	E
中	S
，	S
发	B
育	E
有	S
一	B
系	I
列	E
由	S
次	B
级	I
断	I
裂	E
所	S
组	B
成	E
的	S
断	B
裂	I
破	I
碎	I
带	E
，	S
宽	S
约	S
2	B
0	I
0	I
余	I
米	E
，	S
并	S
为	S
石	B
英	I
脉	E
所	S
充	B
填	E
，	S
其	B
中	E
片	B
理	I
化	E
和	S
柔	B
皱	I
作	I
用	E
都	S
非	B
常	E
发	B
育	E
，	S
断	B
层	E
南	B
东	I
侧	E
出	B
露	E
有	S
新	B
余	I
组	E
紫	B
红	I
色	I
砂	I
砾	I
岩	I
层	E
，	S
二	B
者	E
呈	S
断	B
层	I
接	I
触	E
。	S

褶	B
皱	E
的	S
西	B
端	E
被	S
崂	B
山	I
顶	I
亚	I
超	I
单	I
元	I
太	I
清	I
宫	I
单	I
元	I
中	I
粒	I
碱	I
长	I
花	I
岗	I
岩	E
侵	B
入	E
，	S
东	B
端	E
为	S
海	B
水	E
覆	B
盖	E
。	S

按	S
其	S
展	B
布	E
方	B
向	E
和	S
露	B
头	E
情	B
况	E
可	S
分	B
为	E
2	B
段	E
：	S
苗	B
家	I
-	I
梁	I
家	I
庄	I
段	E
和	S
梁	B
家	I
庄	I
-	I
塔	I
山	I
段	E
。	S

三	S
、	S
新	B
生	I
代	I
地	I
层	E
。	S

带	S
内	S
以	S
构	B
造	I
推	I
覆	E
、	S
岩	B
片	E
堆	I
叠	E
混	B
杂	E
并	S
以	S
发	B
育	E
蛇	B
绿	I
混	I
杂	I
岩	I
带	E
为	S
特	B
点	E
。	S

钾	B
长	I
石	E
:	S
属	S
条	B
纹	I
长	I
石	E
，	S
它	B
形	I
粒	I
状	E
，	S
粒	B
径	E
2	B
～	I
4	I
m	I
m	E
石	B
英	E
呈	S
他	B
形	I
粒	I
状	E
，	S
波	B
状	I
消	I
光	E
，	S
重	B
结	I
晶	E
明	B
显	E
，	S
粒	B
径	E
3	B
～	I
5	I
m	I
m	E
；	S
黑	B
云	I
母	E
呈	S
褐	B
色	E
，	S
鳞	B
片	I
状	E
，	S
最	B
大	E
片	B
径	E
2	B
m	I
m	E
；	S
白	B
云	I
母	E
：	S
交	B
代	E
黑	B
云	I
母	E
和	S
其	B
他	E
矿	B
物	E
形	B
成	E
，	S
粒	B
径	E
0	B
.	I
2	I
～	I
1	I
m	I
m	E
；	S
并	S
见	S
磷	B
灰	I
石	E
、	S
榍	B
石	E
、	S
绿	B
帘	I
石	E
、	S
锆	B
石	I
包	I
体	E
。	S

（	S
1	S
）	S
宏	B
观	E
特	B
征	E
。	S

根	B
据	E
我	S
单	B
位	E
以	B
往	E
地	B
质	I
调	I
查	I
数	B
据	E
及	S
已	S
完	B
成	E
的	S
《	S
青	B
岛	I
市	O
环	B
湾	I
保	I
护	E
、	S
拥	B
湾	I
发	I
展	E
地	B
质	I
环	I
境	I
评	I
价	E
》	S
项	B
目	E
成	B
果	E
，	S
对	S
胶	B
州	I
湾	I
第	I
四	I
纪	I
地	I
层	E
及	B
其	E
特	B
点	E
进	B
行	E
简	B
述	E
。	S

一	S
、	S
区	B
域	E
大	B
地	I
构	I
造	E
位	B
置	E
。	S

主	B
要	E
分	B
布	E
于	S
辽	B
阳	I
县	E
南	B
部	E
吉	B
洞	I
峪	E
、	S
长	B
沟	E
、	S
鸡	B
爪	E
、	S
水	B
泉	E
一	B
带	E
，	S
最	B
大	E
厚	B
度	E
1	B
3	I
8	I
4	I
m	E
。	S

主	B
要	E
矿	B
物	O
成	B
分	E
有	S
斜	B
长	I
石	E
、	S
石	B
英	E
、	S
钾	B
长	I
石	E
及	S
云	B
母	E
等	S
。	S

北	B
部	E
为	S
沿	S
白	B
马	I
河	I
河	I
谷	E
延	B
伸	E
的	S
隐	B
伏	I
断	I
裂	E
，	S
南	B
部	E
亦	S
沿	S
同	S
方	B
向	E
的	S
水	B
系	E
展	B
布	E
。	S

（	S
一	S
）	S
下	B
更	I
新	I
统	E
（	S
Q	B
p	E
）	S
。	S

老	B
齐	I
岭	I
-	I
高	I
家	I
沟	I
复	I
背	I
斜	E
：	S
轴	B
向	E
E	B
W	E
，	S
倾	B
向	E
N	S
，	S
南	B
翼	E
为	S
浪	B
子	I
山	I
组	E
、	S
北	B
翼	E
为	S
南	B
华	E
、	S
寒	B
武	E
及	S
奥	B
陶	I
系	E
。	S

该	S
带	S
向	S
西	S
、	S
向	S
北	B
东	E
均	S
延	S
出	S
区	S
外	S
，	S
而	S
区	S
内	S
基	B
底	I
地	I
层	E
基	B
本	E
未	S
出	B
露	E
，	S
晚	B
古	I
生	I
代	I
地	I
层	E
与	S
早	B
古	I
生	I
代	I
变	I
质	I
基	I
底	E
呈	S
断	B
层	I
接	I
触	E
，	S
区	B
域	E
上	S
直	B
接	E
不	O
整	I
合	E
覆	B
盖	E
于	S
变	B
质	I
基	I
底	E
之	B
上	E
。	S

沿	S
走	B
向	E
呈	S
波	B
状	I
弯	I
曲	E
，	S
由	S
构	B
造	I
角	I
砾	I
岩	E
、	S
碎	B
裂	I
岩	E
及	S
断	B
层	I
泥	E
组	B
成	E
。	S

为	S
一	B
套	E
河	B
湖	I
相	I
紫	I
红	I
色	I
碎	I
屑	I
岩	E
建	B
造	E
。	S

钾	B
长	I
石	E
呈	S
它	B
形	I
粒	I
状	E
；	S
具	S
条	B
状	I
结	I
构	E
，	S
为	S
微	B
斜	I
长	I
石	E
，	S
条	B
纹	E
发	B
育	E
。	S

区	S
内	S
的	S
主	B
要	E
片	B
岩	I
类	I
型	E
有	S
白	B
云	I
母	I
微	I
晶	I
片	I
岩	E
、	S
二	B
云	I
母	I
微	I
晶	I
片	I
岩	E
、	S
云	B
母	I
石	I
英	I
片	I
岩	E
、	S
石	B
英	I
云	I
母	I
片	I
岩	E
。	S

下	B
部	E
地	B
层	E
见	S
松	S
、	S
云	B
杉	E
、	S
桦	S
等	S
木	B
本	I
针	I
叶	I
林	I
植	I
物	I
孢	I
粉	E
，	S
中	B
部	E
地	B
层	E
针	B
叶	I
林	I
植	I
物	I
孢	I
粉	E
减	B
少	E
、	S
蕨	B
类	I
孢	I
粉	E
增	B
加	E
，	S
上	B
部	E
地	B
层	E
针	B
叶	I
松	I
属	I
孢	I
粉	E
有	B
所	E
增	B
加	E
。	S

后	B
夼	I
组	E
主	B
要	E
岩	B
性	E
为	S
流	B
纹	I
质	I
凝	I
灰	I
岩	E
、	S
流	B
纹	I
质	I
角	I
砾	I
凝	I
灰	I
岩	E
，	S
厚	B
度	E
4	B
8	I
.	I
1	I
～	I
3	I
9	I
1	I
.	I
5	I
m	E
间	S
，	S
不	B
同	E
地	B
段	E
夹	B
层	E
及	S
下	B
伏	E
层	B
位	E
差	B
别	E
较	B
大	E
。	S

下	B
部	E
为	S
冰	B
碛	E
、	S
冰	B
水	I
堆	I
积	E
，	S
分	B
布	E
于	S
刘	B
二	I
堡	E
、	S
烟	B
郎	I
寨	E
以	B
西	E
的	S
平	B
原	I
区	E
；	S
埋	B
深	E
-	B
1	I
4	I
0	E
至	S
-	B
2	I
5	I
0	I
m	E
，	S
厚	S
1	B
0	I
-	I
5	I
0	I
m	E
左	B
右	E
，	S
由	S
东	S
至	S
西	S
逐	B
渐	E
变	S
薄	S
；	S
岩	B
性	E
为	S
棕	B
黄	I
色	E
、	S
棕	B
红	I
色	I
黏	I
土	I
含	I
砾	I
石	I
层	E
或	S
混	B
土	I
砂	I
砾	I
石	I
层	E
，	S
砾	B
石	E
以	S
磨	B
圆	E
较	B
差	E
的	S
石	B
英	I
砂	I
岩	E
为	B
主	E
，	S
砾	B
径	E
2	B
至	I
4	I
c	I
m	E
，	S
最	B
大	E
至	S
1	B
3	I
c	I
m	E
以	B
上	E
；	S
其	B
中	E
佟	B
二	I
堡	I
-	I
黄	I
泥	I
洼	E
上	B
部	E
为	S
河	B
湖	I
相	I
堆	I
积	E
，	S
在	S
佟	B
二	I
堡	I
-	I
柳	I
壕	E
以	B
西	E
地	B
区	E
，	S
埋	B
深	E
-	B
4	I
0	I
至	I
-	B
2	I
2	I
0	I
m	E
，	S
厚	S
5	B
0	I
余	I
m	E
，	S
岩	B
性	E
为	S
灰	S
、	S
深	B
灰	I
色	I
中	I
细	I
砂	E
与	I
粉	B
细	I
砂	I
层	E
，	S
夹	S
黏	B
土	E
或	S
粉	B
质	I
黏	I
土	I
薄	I
层	E
，	S
往	B
东	E
则	S
为	S
黄	B
色	E
或	S
浅	B
黄	I
色	I
砂	I
砾	I
石	I
层	E
。	S

出	B
露	E
面	B
积	E
1	B
.	I
7	I
k	I
m	I
2	E
。	S

断	B
裂	E
的	S
规	B
模	E
一	B
般	E
都	S
比	B
较	E
大	E
，	S
延	B
伸	E
达	S
数	B
十	I
千	I
米	E
至	S
百	B
余	I
千	I
米	E
，	S
由	S
4	B
~	I
5	I
条	E
分	B
支	E
断	B
裂	E
组	B
成	E
，	S
沿	S
走	B
向	E
断	B
裂	E
呈	S
舒	B
缓	I
波	I
状	E
，	S
发	B
育	E
有	S
十	B
几	I
米	E
至	S
上	B
百	I
米	E
宽	S
的	S
破	B
碎	I
带	E
，	S
显	B
示	E
以	S
左	B
旋	I
压	I
扭	I
性	E
为	B
主	E
的	S
活	B
动	E
性	B
质	E
。	S

属	S
滨	B
海	I
积	I
成	I
因	E
。	S

区	S
内	S
地	B
层	E
发	B
育	E
不	S
全	S
，	S
主	B
要	E
分	B
布	E
于	S
胶	B
莱	I
盆	I
地	E
及	B
其	E
周	B
边	E
，	S
由	S
老	S
至	S
新	S
分	B
别	E
太	B
古	I
界	I
-	I
元	I
古	I
界	I
胶	I
东	I
群	E
；	S
元	B
古	I
界	I
荆	I
山	I
群	E
，	S
粉	B
子	I
山	I
群	E
；	S
中	B
生	I
代	I
白	I
垩	I
系	E
；	S
新	B
生	I
界	I
第	I
四	I
系	E
等	S
；	S
以	S
中	B
生	I
界	I
白	I
垩	I
系	E
为	B
主	E
，	S
次	S
为	S
新	B
生	I
界	I
第	I
四	I
系	E
，	S
中	B
太	I
古	I
界	E
及	S
古	B
元	I
古	I
界	E
少	B
量	E
出	B
露	E
。	S

主	B
要	E
分	B
布	E
在	S
于	S
辽	B
阳	I
市	I
区	E
中	S
东	I
部	E
与	S
太	B
子	I
河	E
一	B
带	E
、	S
花	B
牛	I
堡	I
子	E
、	S
下	B
缸	I
窑	E
、	S
后	B
境	I
山	E
等	S
地	S
。	S

除	S
由	S
青	B
白	I
口	I
纪	I
牛	I
头	I
岭	E
组	B
成	E
一	B
系	I
列	E
北	B
东	I
东	E
至	S
北	B
东	E
走	B
向	E
的	S
单	B
斜	I
构	I
造	E
外	S
，	S
晚	B
白	I
垩	I
世	I
～	I
古	I
近	I
纪	I
红	I
色	I
岩	I
层	E
，	S
褶	B
皱	E
宽	S
缓	E
，	S
且	S
多	S
呈	S
近	B
东	I
西	E
走	B
向	E
。	S

②	S
伟	B
晶	I
岩	I
脉	E

该	S
组	S
时	B
代	E
跨	B
度	E
较	B
大	E
，	S
横	B
向	E
上	S
常	S
与	S
黑	B
土	I
湖	I
组	E
、	S
大	B
站	I
组	E
等	S
过	B
渡	E
。	S

总	B
体	E
上	S
以	S
长	B
大	I
铁	I
路	I
线	E
为	S
界	S
（	S
图	S
2	S
-	O
4	E
）	S
，	S
界	B
限	E
以	B
东	E
表	B
现	E
为	S
上	B
升	I
隆	I
起	I
区	E
，	S
以	B
西	E
为	S
下	B
降	I
沉	I
降	I
区	E
。	S

国	B
内	E
有	S
学	B
者	E
对	S
胶	B
州	I
湾	I
第	B
四	I
纪	I
划	I
分	E
提	B
出	E
如	B
下	E
参	B
考	E
方	B
案	E
：	S
第	B
四	I
纪	I
地	I
层	I
划	I
分	E
参	B
考	E
方	B
案	E
。	S

呈	S
条	B
带	I
状	E
零	B
星	I
分	I
布	E
于	S
辽	B
阳	I
市	I
东	O
北	I
山	I
区	E
，	S
前	B
牌	I
坊	E
、	S
后	B
牌	I
坊	E
、	S
鸡	B
冠	I
山	E
一	B
带	E
，	S
区	S
内	S
最	B
大	E
厚	B
度	E
为	S
5	B
9	I
0	I
m	E
。	S

山	B
前	I
地	I
带	E
太	B
子	I
河	I
扇	E
则	S
表	B
现	E
为	S
中	B
更	I
新	I
世	I
扇	I
体	E
接	B
受	E
再	O
沉	I
积	E
，	S
扇	B
体	E
范	B
围	E
向	S
东	B
部	E
山	B
前	E
推	B
移	E
。	S

区	S
内	S
岩	B
浆	I
岩	E
在	S
空	B
间	E
上	S
具	B
有	E
区	B
域	E
成	O
带	E
分	B
布	E
的	S
特	B
点	E
，	S
在	S
时	B
间	E
上	S
则	S
显	B
示	E
出	S
多	S
旋	I
回	I
活	I
动	E
的	S
特	B
点	E
，	S
在	S
形	B
成	E
上	S
具	B
有	E
多	S
成	B
因	E
的	S
特	B
点	E
。	S

基	B
质	E
由	S
石	B
英	E
、	S
绢	B
云	I
母	E
、	S
白	B
云	I
母	E
、	S
黑	B
云	I
母	E
组	B
成	E
。	S

总	B
的	E
来	B
讲	E
：	S
地	B
质	I
构	I
造	E
决	B
定	E
了	S
晚	B
更	I
新	I
世	I
以	I
来	I
坡	S
、	S
洪	B
积	E
至	S
末	B
期	E
河	B
流	I
相	I
沉	I
积	I
物	E
的	S
充	B
填	I
形	B
态	E
；	S
全	B
新	I
世	I
海	B
水	I
动	I
力	E
将	S
湾	B
口	I
沉	I
积	I
物	E
侵	B
蚀	E
殆	B
尽	E
，	S
潮	B
流	E
携	B
带	E
侵	B
蚀	I
物	I
质	E
搬	B
运	E
至	S
湾	B
口	E
两	B
侧	E
沉	B
积	E
，	S
形	B
成	E
沟	B
脊	I
相	I
间	I
地	I
貌	E
；	S
沉	B
积	I
物	E
的	S
供	B
给	E
形	B
成	E
了	S
胶	B
州	I
湾	E
西	B
部	E
的	S
三	B
角	I
洲	I
堆	I
积	E
；	S
海	B
侵	I
过	I
程	E
中	S
的	S
海	B
面	E
快	B
速	E
上	B
升	E
、	S
物	B
源	I
供	I
应	E
及	S
现	B
代	I
潮	I
流	I
作	I
用	E
形	B
成	E
了	S
研	B
究	I
区	E
东	B
部	E
的	S
残	B
留	I
沉	I
积	E
。	S

区	S
内	S
主	B
要	E
分	B
布	E
于	S
荆	B
洪	I
滩	I
水	I
库	E
周	B
围	E
、	S
桃	B
源	I
河	E
两	B
侧	E
。	S

下	B
全	I
新	I
统	E
：	S
8	B
.	I
4	I
1	I
~	O
8	I
.	I
5	I
9	I
m	E
岩	B
性	E
为	S
灰	B
黑	I
色	I
泥	I
质	I
中	I
细	I
砂	E
，	S
可	O
塑	E
，	S
含	S
大	B
量	E
贝	B
壳	I
碎	I
片	E
。	S

成	B
因	E
为	S
现	B
代	E
湖	B
泊	I
相	I
沉	I
积	E
。	S

4	S
.	S
辽	B
河	I
群	I
大	I
石	I
桥	I
组	E
（	S
P	B
t	I
d	E
）	S
。	S

（	S
2	S
）	S
岩	B
石	I
学	I
特	I
征	E
后	B
期	E
继	B
承	I
性	I
岩	I
脉	E
多	S
发	B
育	E
在	S
各	S
岩	S
体	S
的	S
内	B
部	E
，	S
少	B
部	I
分	E
侵	B
入	E
于	S
围	B
岩	E
中	S
，	S
常	S
成	B
群	I
分	I
布	E
，	S
其	S
岩	B
性	E
与	S
各	S
岩	S
体	S
的	S
岩	B
性	E
相	B
似	E
或	S
相	B
近	E
，	S
主	B
要	E
是	S
一	B
些	E
酸	B
性	I
脉	I
岩	E
。	S

四	S
、	S
基	B
性	I
～	I
超	I
基	I
性	I
岩	I
类	E
。	S

光	B
释	I
光	O
年	B
龄	E
6	B
3	I
.	I
5	I
9	I
±	I
5	I
.	I
5	I
2	I
k	I
a	E
（	S
样	B
品	E
取	B
自	E
冲	B
积	I
层	I
粉	I
质	I
黏	I
土	E
）	S
。	S

工	B
作	I
区	E
内	S
中	B
生	I
代	I
地	I
层	E
为	S
白	B
垩	I
纪	I
地	I
层	E
，	S
分	B
布	E
广	B
泛	E
。	S

下	S
与	S
下	B
伏	E
牛	B
头	I
岭	I
组	E
呈	S
沉	B
积	I
不	I
整	I
合	I
接	I
触	E
。	S

航	B
磁	I
T	E
平	I
面	I
图	E
上	S
，	S
显	B
示	E
为	S
较	B
高	E
的	S
正	B
负	I
磁	I
异	I
常	E
，	S
等	B
值	I
线	E
近	S
东	B
西	I
向	E
分	B
布	E
。	S

区	S
内	S
未	S
见	S
顶	S
。	S

以	S
七	B
级	I
-	I
马	I
山	I
断	I
裂	E
为	B
例	E
，	S
该	S
断	B
裂	E
在	S
青	B
岛	I
市	E
北	B
西	I
侧	E
七	B
级	I
-	I
马	I
山	E
一	B
带	E
，	S
主	B
体	E
由	S
两	B
条	E
平	B
行	E
的	S
断	B
裂	E
组	B
成	E
。	S

坪	B
上	I
熊	I
家	I
—	I
老	I
鹰	I
脑	E
一	B
带	E
断	B
层	E
：	S
长	S
约	S
3	B
.	I
5	I
k	I
m	E
，	S
总	B
体	E
走	B
向	E
2	B
0	I
°	E
，	S
倾	B
角	E
陡	B
峻	E
，	S
地	B
貌	E
上	S
为	S
一	S
平	B
直	E
的	S
沟	B
谷	I
陡	I
崖	E
，	S
两	B
侧	E
花	B
岗	I
质	I
岩	I
岩	I
石	E
具	B
有	E
强	B
烈	E
硅	B
化	E
、	S
退	B
色	I
化	E
和	S
糜	B
棱	I
岩	I
化	E
。	S

洼	B
里	I
-	I
丰	I
城	E
一	B
带	E
，	S
由	S
南	S
向	S
北	S
常	S
夹	S
有	S
球	B
粒	I
流	I
纹	I
岩	E
、	S
流	B
纹	I
质	I
角	I
砾	I
熔	I
岩	E
、	S
砂	B
岩	E
及	S
粉	B
砂	I
岩	E
，	S
厚	B
度	E
2	B
2	I
4	I
.	I
4	I
m	E
，	S
与	S
下	B
伏	I
曲	I
格	I
庄	I
组	E
角	B
度	I
不	I
整	I
合	I
接	I
触	E
；	S
即	B
墨	I
区	I
莲	I
花	I
山	E
一	B
带	E
，	S
夹	S
流	B
纹	I
质	I
火	I
山	I
角	I
砾	I
岩	E
、	S
玄	B
武	I
粗	I
安	I
岩	E
、	S
玄	B
武	I
粗	I
安	I
质	I
集	I
块	I
岩	E
及	S
砂	B
砾	I
岩	E
，	S
厚	B
度	E
<	B
3	I
9	I
1	I
.	I
5	I
m	E
，	S
与	S
下	B
伏	I
曲	I
格	I
庄	I
组	E
或	S
杨	B
家	I
庄	I
组	E
角	B
度	E
不	B
整	I
合	E

褶	B
皱	E
均	S
有	S
莱	B
阳	I
群	I
止	I
凤	I
庄	I
组	I
地	I
层	E
构	B
成	E
。	S

岩	B
性	I
组	I
合	E
为	S
紫	B
灰	I
色	I
卵	I
砾	I
岩	E
，	S
粗	B
砾	I
岩	E
、	S
含	B
砾	I
中	I
粗	I
粒	I
岩	I
屑	I
长	I
石	I
砂	I
岩	E
等	S
，	S
局	B
部	E
夹	S
少	B
量	E
粉	B
砂	I
岩	E
、	S
页	B
岩	E
等	S
。	S

五	B
莲	I
-	I
青	I
岛	I
断	I
裂	E
是	S
沂	B
沭	I
断	I
裂	I
带	E
以	B
东	E
出	B
露	E
的	S
一	S
条	E
具	S
重	B
要	E
地	B
质	I
意	I
义	E
的	S
构	B
造	I
带	E
，	S
是	S
胶	B
南	I
-	I
威	I
海	I
造	I
山	I
带	E
与	S
胶	B
莱	I
盆	I
地	E
的	S
分	B
划	I
性	I
断	B
裂	E
。	S

（	S
1	S
）	S
萍	B
乡	I
～	I
乐	I
平	I
坳	I
陷	I
区	E
内	S
记	B
录	E
基	B
底	I
混	I
杂	I
叠	I
覆	I
带	E
的	S
地	B
质	I
信	I
息	E
被	S
晚	B
古	I
生	I
代	I
萍	B
乡	I
～	I
乐	I
平	I
坳	I
陷	I
带	E
所	S
掩	B
埋	E
。	S

由	B
于	E
受	S
后	B
期	E
韧	B
性	I
变	I
形	I
作	I
用	E
的	S
影	B
响	E
，	S
在	S
梅	B
岭	I
头	E
、	S
前	B
十	I
八	I
岭	I
—	I
熊	I
家	E
分	B
别	E
发	B
育	E
一	B
条	E
北	B
东	I
向	E
的	S
韧	B
性	I
变	I
形	I
带	E
，	S
梅	B
岭	I
头	I
韧	O
性	I
剪	I
切	I
带	E
向	S
北	B
东	E
方	B
向	E
延	B
伸	E
约	S
2	B
k	I
m	E
后	S
尖	B
灭	E
；	S
前	B
十	I
八	I
岭	I
—	I
熊	I
家	E
为	S
一	S
大	B
型	E
韧	B
性	I
剪	I
切	I
带	E
，	S
北	B
东	I
端	E
被	S
第	B
四	I
系	E
覆	B
盖	E
。	S

粒	B
径	E
1	B
.	I
2	I
～	I
2	I
.	I
3	I
m	I
m	E
。	S

另	S
据	S
地	B
貌	I
观	I
测	I
资	I
料	E
，	S
解	B
放	O
后	O
的	S
三	B
十	I
多	I
年	E
来	E
，	S
生	B
米	I
街	I
～	I
八	O
一	I
桥	E
的	S
赣	B
江	E
、	S
河	B
道	E
，	S
系	S
由	S
东	S
向	S
西	S
，	S
逐	B
渐	E
迁	B
移	E
，	S
但	S
近	B
年	I
来	E
，	S
又	S
有	S
向	S
东	S
迁	B
移	E
的	S
趋	B
势	E
。	S

南	B
昌	I
市	I
规	I
划	I
区	E
在	S
区	B
域	E
上	S
，	S
位	B
于	E
Ⅱ	B
级	I
单	I
元	I
东	I
南	I
造	I
山	I
带	E
与	S
钦	B
杭	I
结	I
合	I
带	E
中	B
段	E
，	S
经	B
历	E
了	S
从	S
新	B
元	I
古	I
代	E
到	S
新	B
生	I
代	E
的	S
各	S
旋	B
回	I
构	I
造	I
运	I
动	E
，	S
地	B
质	I
构	I
造	E
极	B
为	E
复	B
杂	E
。	S

主	B
要	E
分	B
布	E
于	S
辽	B
阳	I
县	E
南	B
部	E
翁	B
家	E
、	S
高	B
家	I
铺	I
子	E
、	S
三	B
道	I
沟	E
一	B
带	E
，	S
最	B
大	E
厚	B
度	E
>	S
1	B
5	I
9	I
8	I
m	E
。	S

一	S
、	S
区	B
域	I
变	I
质	I
岩	E
。	S

（	S
一	S
）	S
莱	B
阳	I
群	E
（	S
K	B
1	I
L	E
）	S
。	S

该	S
断	B
裂	E
在	S
焦	B
家	I
庄	I
子	E
以	B
东	E
沿	S
胶	B
莱	I
盆	I
地	E
的	S
南	B
部	E
边	B
缘	E
展	B
布	E
：	S
南	B
盘	E
为	S
胶	B
南	I
-	I
威	I
海	I
造	I
山	I
带	I
变	I
质	I
结	I
晶	I
基	I
底	I
岩	I
系	E
，	S
并	S
有	S
同	S
方	B
向	E
的	S
石	B
门	I
-	I
薛	I
家	I
庄	I
韧	I
性	I
变	I
形	I
带	E
近	S
平	B
行	I
展	B
布	E
；	S
北	B
盘	E
为	S
莱	B
阳	I
群	E
。	S

三	S
、	S
岩	B
体	O
的	S
岩	B
性	E
均	S
为	S
二	B
长	I
花	I
岗	I
岩	E
，	S
属	S
一	B
期	I
结	I
构	E
。	S

辽	B
阳	I
市	I
上	I
新	I
世	E
至	I
第	B
四	I
纪	I
新	I
构	I
造	I
运	I
动	E
的	S
重	B
要	E
特	B
点	E
是	S
垂	B
直	I
运	I
动	E
，	S
东	B
部	E
丘	B
陵	I
-	I
山	I
区	I
新	I
构	I
造	I
运	I
动	E
表	B
现	E
为	S
中	B
等	E
幅	B
度	E
的	S
上	B
升	E
，	S
呈	S
间	B
歇	I
性	I
震	I
荡	I
运	I
动	E
；	S
西	B
部	E
平	B
原	I
区	E
属	B
下	E
辽	B
河	I
断	I
陷	I
盆	I
地	E
边	B
缘	E
，	S
燕	B
山	I
运	I
动	E
以	B
来	E
新	B
近	I
纪	E
开	B
始	E
整	B
体	I
性	E
下	B
降	E
，	S
形	B
成	E
差	B
异	I
性	I
升	I
降	E
。	S

该	S
断	B
层	E
有	S
糜	B
棱	I
岩	I
化	I
现	I
象	E
，	S
又	S
有	S
硅	B
化	I
破	I
碎	I
现	I
象	E
，	S
可	B
能	E
属	S
多	S
期	B
次	E
活	B
动	E
的	S
张	B
剪	I
性	I
复	I
合	I
断	I
层	E
。	S

同	B
时	E
又	S
经	B
历	E
多	B
次	E
的	S
脆	B
性	I
断	I
裂	I
作	I
用	E
。	S

（	S
2	S
）	S
老	B
黄	I
山	I
变	I
辉	I
长	I
岩	E
（	S
斜	B
长	I
角	I
闪	I
岩	E
）	S
(	S
C	B
h	I
a	I
m	I
v	E
)	S
岩	B
石	E
化	B
学	I
成	I
分	E
与	S
黎	B
彤	I
辉	I
长	I
岩	I
类	I
值	E
相	B
比	E
，	S
S	B
i	I
O	E
、	S
F	B
e	I
O	E
+	S
F	B
e	I
O	E
、	S
K	B
O	E
等	S
偏	S
低	S
，	S
A	B
l	I
O	E
、	S
T	B
i	I
O	E
、	S
C	B
a	I
O	E
等	S
偏	S
高	S
，	S
属	S
基	B
性	I
岩	I
类	E
；	S
里	B
特	I
曼	I
指	I
数	E
平	B
均	I
值	E
为	S
2	B
.	I
2	I
0	I
>	I
1	I
.	I
8	I
0	E
，	S
为	S
钙	B
碱	I
性	I
系	I
列	I
岩	I
石	E
；	S
固	B
结	I
指	I
数	E
和	S
分	B
异	I
指	I
数	E
反	B
映	E
岩	B
石	I
系	I
幔	I
源	I
原	I
生	I
岩	I
浆	E
经	S
分	B
异	E
而	S
成	S
，	S
氧	B
化	I
率	E
显	B
示	E
岩	B
体	E
侵	O
位	E
较	S
浅	S
。	S

与	S
上	B
覆	E
石	B
炭	I
-	I
二	I
叠	I
系	I
山	I
西	I
组	E
（	S
C	B
P	I
s	I
^	E
）	S
呈	S
整	B
合	I
接	I
触	I
关	I
系	E
。	S

综	B
合	I
分	B
析	E
该	S
断	B
裂	E
为	S
左	B
旋	I
张	I
性	I
活	I
动	E
。	S

在	S
本	S
规	B
划	I
区	E
内	S
出	B
露	E
面	B
积	E
5	B
9	I
.	I
7	I
1	I
k	I
m	I
2	E
，	S
约	S
占	S
规	B
划	I
区	E
总	S
面	B
积	E
的	S
4	B
.	I
2	I
7	I
％	E
。	S

四	S
、	S
新	B
构	I
造	I
运	I
动	E
。	S

砾	B
石	I
成	I
分	E
以	S
砂	B
岩	E
及	S
千	B
枚	I
状	I
板	I
岩	E
为	B
主	E
，	S
次	S
为	S
花	B
岗	I
岩	E
及	S
脉	B
石	I
英	E
。	S

工	B
作	I
区	E
褶	B
皱	I
基	I
底	E
的	S
形	B
成	E
有	B
着	E
密	B
切	E
的	S
依	B
赖	I
关	I
系	E
，	S
大	B
部	I
分	E
是	S
随	B
着	E
褶	B
皱	I
构	I
造	I
作	I
用	E
的	S
同	B
时	E
沿	S
构	B
造	I
裂	I
隙	E
、	S
岩	B
层	E
中	S
的	S
薄	B
弱	I
地	I
带	E
贯	B
入	E
的	S
，	S
它	B
们	E
具	S
结	B
构	E
致	B
密	E
、	S
呈	S
似	B
层	I
状	E
、	S
透	B
镜	I
状	E
、	S
并	S
大	B
部	I
分	E
已	S
发	B
生	E
变	B
质	I
蚀	I
变	E
等	S
特	B
点	E
，	S
主	B
要	E
岩	B
性	E
有	S
玢	B
岩	I
脉	E
、	S
斑	B
岩	I
脉	I
类	E
等	S
；	S
工	B
作	I
区	E
断	B
裂	I
构	I
造	I
作	I
用	E
有	B
关	E
的	S
岩	B
脉	E
具	B
有	E

砾	B
石	E
大	B
小	E
悬	B
殊	E
，	S
分	B
选	I
性	E
、	S
成	B
层	I
性	E
及	S
磨	B
圆	I
度	E
均	S
较	B
差	E
，	S
其	S
成	B
分	E
即	S
为	S
下	B
伏	I
花	I
岗	I
岩	E
。	S

2	S
、	S
八	B
亩	I
地	I
组	E
（	S
K	B
b	I
）	E
八	B
亩	I
地	I
组	E
在	S
区	S
内	S
广	B
泛	E
出	B
露	E
，	S
主	B
要	E
集	B
中	E
于	S
即	B
墨	I
区	E
周	B
围	E
、	S
莱	B
阳	I
市	I
龙	I
旺	I
庄	I
-	I
万	I
第	I
一	I
带	E
及	S
莱	B
西	I
市	E
以	B
西	E
朱	B
溪	I
埠	E
等	S
地	S
。	S

（	S
一	S
）	S
第	B
四	I
纪	I
地	I
层	I
标	I
志	E
。	S

（	S
2	S
）	S
前	B
十	I
八	I
岭	I
—	I
熊	I
家	I
韧	I
性	I
剪	I
切	I
带	E
：	S
出	B
露	E
于	S
梅	B
岭	I
花	I
岗	I
岩	E
体	S
中	S
，	S
展	B
布	E
于	S
前	B
十	I
八	I
岭	E
、	S
六	B
仙	I
岩	E
、	S
熊	B
家	I
岭	E
、	S
胡	B
家	E
、	S
黄	B
皮	I
脑	E
及	S
熊	B
家	E
一	B
带	E
。	S

与	S
下	B
伏	I
古	I
元	I
古	I
代	I
荆	I
山	I
群	E
角	B
度	I
不	I
整	I
合	I
接	I
触	E
（	S
或	S
断	B
层	I
接	I
触	E
）	S
，	S
与	S
上	B
覆	E
止	B
凤	I
庄	I
组	E
整	B
合	I
接	I
触	E
。	S

岩	B
石	E
总	B
体	E
色	B
调	E
偏	S
紫	S
、	S
红	S
，	S
岩	B
性	E
为	S
砂	B
岩	E
，	S
含	S
砾	B
砂	I
岩	I
夹	I
粉	I
砂	I
岩	E
的	S
岩	B
石	E
组	O
合	E
，	S
即	B
墨	I
区	E
一	B
带	E
该	S
组	S
厚	S
3	B
1	I
7	I
.	I
9	I
m	E
。	S

从	S
区	B
域	I
资	I
料	E
分	B
析	E
，	S
具	S
一	B
定	E
规	B
模	E
的	S
近	S
东	B
西	I
向	E
断	B
裂	E
是	S
区	S
内	S
形	B
成	E
较	B
早	E
的	S
断	B
裂	E
，	S
并	S
显	B
示	E
张	B
性	I
特	I
征	E
，	S
多	S
伴	B
有	E
中	B
基	I
性	I
岩	I
浆	I
活	I
动	E
。	S

东	B
部	E
低	B
山	I
丘	I
陵	I
区	E
存	B
在	E
洞	B
穴	I
堆	I
积	E
。	S

3	S
、	S
二	B
长	I
花	I
岗	I
岩	E
(	S
γ	S
δ	O
P	I
t	I
3	I
1	I
b	I
-	I
3	E
)	S

该	S
侵	B
入	I
体	E
与	S
牛	B
岭	I
岩	I
体	E
(	S
γ	S
δ	S
P	B
t	I
3	I
b	I
～	I
2	E
)	S
呈	S
脉	B
动	I
侵	I
入	I
接	I
触	E
，	S
侵	B
入	I
体	E
边	B
缘	E
见	S
2	B
～	I
5	I
c	I
m	E
的	S
冷	B
凝	I
边	E
，	S
接	B
触	I
面	E
外	S
倾	S
，	S
倾	B
角	E
5	B
0	I
°	I
～	I
6	I
0	I
°	E
，	S
接	B
触	I
面	E
较	B
为	E
平	B
整	E
。	S

梅	B
岭	I
头	I
断	I
层	E
：	S
展	B
布	E
于	S
梅	B
岭	I
头	E
、	S
岭	B
下	E
等	S
地	S
之	S
花	B
岗	I
岩	E
体	S
中	S
，	S
断	B
续	E
延	B
长	E
5	B
k	I
m	E
以	B
上	E
，	S
是	S
由	S
一	B
系	I
列	E
平	B
行	I
小	I
断	I
层	E
组	B
成	E
，	S
断	B
层	E
总	B
体	E
走	B
向	E
3	B
0	I
0	I
°	E
左	B
右	E
，	S
大	B
都	E
倾	B
向	E
南	B
西	E
，	S
倾	B
角	E
7	B
0	I
°	E
～	I
8	I
0	I
°	E
。	S

黄	B
泥	I
洼	I
组	I
冰	I
碛	E
、	S
冰	B
水	I
相	I
地	I
层	E
（	S
Q	B
p	I
g	I
l	I
-	I
f	I
g	I
l	E
）	S
分	B
布	E
于	S
辽	B
阳	I
县	E
的	S
刘	B
二	I
堡	E
至	S
烟	B
郎	I
寨	E
一	B
带	E
，	S
埋	B
深	E
-	B
1	I
1	I
0	E
至	S
-	B
1	I
7	I
0	I
m	E
，	S
层	B
厚	E
1	B
0	I
-	I
5	I
0	I
m	E
,	S
岩	B
性	E
为	S
黄	B
褐	E
、	S
棕	B
黄	E
、	S
砖	B
红	I
色	I
粉	I
质	I
黏	I
土	E
或	S
砂	B
砾	I
石	E
（	S
砾	B
径	E
2	B
0	I
-	I
5	I
0	I
m	I
m	E
，	S
局	B
部	E
1	B
5	I
0	I
-	I
2	I
0	I
0	I
m	I
m	E
，	S
磨	B
圆	E
较	B
差	E
的	S
石	B
英	I
岩	I
砾	E
为	B
主	E
）	S
混	B
土	E
。	S

分	B
布	E
在	S
辽	B
阳	O
市	I
区	E
北	B
部	E
、	S
太	B
子	I
河	E
南	B
岸	E
的	S
下	B
平	I
州	E
、	S
花	B
牛	I
堡	I
子	E
、	S
下	B
缸	I
窑	E
、	S
后	B
境	I
山	E
等	S
地	S
，	S
厚	B
度	E
4	B
0	I
-	I
1	I
7	I
0	I
m	E
。	S

主	B
要	E
分	B
布	E
于	S
弓	B
长	I
岭	I
汤	I
河	I
水	I
库	E
一	B
带	E
、	S
上	B
麻	I
屯	E
至	S
水	B
泉	I
村	E
、	S
黑	B
牛	I
庄	E
一	B
带	E
，	S
最	B
大	E
厚	B
度	E
9	B
8	I
0	I
m	E
。	S

姑	B
嫂	I
城	I
-	I
贾	I
彬	I
断	I
裂	E
：	S
N	B
E	E
延	B
伸	E
，	S
长	S
约	S
1	B
3	I
k	I
m	E
，	S
倾	B
向	E
N	B
W	E
，	S
倾	B
角	E
7	B
0	I
°	E
。	S

另	S
据	S
环	B
境	I
地	I
质	I
大	I
队	I
资	I
料	E
，	S
在	S
南	B
昌	I
市	I
少	I
年	I
宫	E
之	S
"	S
红	B
层	E
"	S
钻	B
孔	E
中	S
有	S
卤	B
水	E
溢	B
出	E
，	S
且	S
矿	B
化	I
度	E
较	B
高	E
。	S

青	B
岛	I
地	I
区	E
地	B
处	E
华	B
北	I
板	I
块	E
和	S
秦	B
岭	I
-	I
大	I
别	I
-	I
苏	I
鲁	I
造	I
山	I
带	E
两	B
个	E
Ⅰ	B
级	I
构	I
造	I
单	I
元	E
交	B
汇	E
部	B
位	E
，	S
Ⅱ	B
级	I
构	I
造	I
单	I
元	E
胶	B
南	I
-	I
威	I
海	I
隆	I
起	I
区	E
南	B
部	E
和	S
胶	B
辽	I
隆	I
起	I
区	E
西	B
南	I
部	E
，	S
跨	S
胶	B
莱	I
盆	I
地	E
西	B
部	E
、	S
胶	B
莱	I
盆	I
地	E
东	B
部	E
和	S
胶	B
南	I
隆	I
起	E
三	B
个	E
Ⅲ	B
级	I
构	I
造	I
单	I
元	E
。	S

1	S
、	S
岩	B
石	E
特	B
征	E
（	S
1	S
）	S
通	B
海	I
变	I
辉	I
石	I
橄	I
榄	I
岩	E
（	S
蛇	B
纹	I
岩	E
）	S
（	S
C	B
h	I
σ	E
）	S
岩	B
石	E
化	B
学	I
成	I
分	E
与	S
戴	B
里	I
纯	I
橄	I
榄	I
岩	E
值	S
相	B
比	E
，	S
S	B
i	I
O	E
、	S
A	B
l	I
O	E
、	S
F	B
e	I
O	E
+	S
F	B
e	I
O	E
略	S
高	S
，	S
M	B
g	I
O	E
、	S
C	B
a	I
O	E
略	S
低	S
，	S
属	S
超	B
基	I
性	I
岩	I
类	E
；	S
里	B
特	I
曼	I
指	I
数	E
远	O
小	B
于	E
1	B
.	I
8	E
，	S
属	S
钙	B
碱	I
性	I
系	I
列	I
岩	I
石	E
；	S
固	B
结	I
指	I
数	E
远	B
大	B
于	E
4	B
0	E
，	S
分	B
异	I
指	I
数	E
较	B
小	E
，	S
显	B
示	E
岩	B
石	E
为	S
幔	B
源	I
岩	I
浆	E
直	B
接	I
结	I
晶	E
的	S
，	S
且	S
分	B
异	I
程	I
度	E
很	B
低	E
，	S
氧	B
化	I
率	E
反	B
映	E
其	S
就	S
位	B
于	E
较	S
浅	O
的	S
相	B
对	I
氧	B
化	I
环	I
境	E
。	S

8	S
、	S
旭	B
口	I
组	E
（	S
Q	B
h	I
x	I
k	E
）	S
分	B
布	E
于	S
区	S
东	B
南	E
沿	S
海	S
砂	B
砾	I
质	E
和	S
基	B
岩	I
海	I
岸	I
地	I
带	E
。	S

自	S
西	S
向	S
东	S
可	S
划	B
分	E
为	S
多	S
个	E
密	B
集	E
的	S
断	B
裂	I
构	I
造	I
带	E
，	S
这	B
些	E
断	B
裂	I
带	E
在	S
航	B
磁	E
、	S
重	B
力	E
及	S
遥	B
感	I
影	I
像	E
上	S
多	B
数	E
都	S
有	S
清	B
晰	E
的	S
显	B
示	E
，	S
在	S
地	B
貌	E
上	S
多	S
控	B
制	E
水	B
系	E
的	S
延	B
展	E
。	S

并	S
见	S
钛	B
铁	I
矿	E
、	S
磷	B
灰	I
石	E
、	S
榍	B
石	E
、	S
锆	B
石	I
包	I
体	E
。	S

另	S
一	S
组	S
呈	S
3	B
1	I
0	I
°	E
~	O
3	I
2	I
0	I
°	E
走	B
向	E
，	S
见	S
有	S
田	B
村	I
-	I
张	I
家	I
沙	I
沟	E
、	S
大	B
枣	I
园	I
断	I
裂	E
、	S
为	S
隐	B
伏	I
断	I
裂	E
，	S
据	S
钻	B
孔	E
揭	B
露	E
基	B
岩	E
情	B
况	E
结	B
合	E
卫	B
片	I
解	I
译	E
推	B
测	E
。	S

（	S
1	S
）	S
牛	B
头	I
岭	I
组	E
(	S
P	B
t	I
3	I
1	I
a	I
n	E
)	S
。	S

上	B
述	E
断	B
层	E
或	S
断	B
裂	I
带	E
的	S
地	B
球	I
物	I
理	I
特	I
征	E
，	S
不	B
仅	E
具	B
有	E
一	S
明	B
显	E
的	S
近	S
北	B
东	I
走	I
向	E
重	B
力	I
梯	I
度	I
带	E
，	S
而	B
且	E
在	S
木	B
鱼	I
山	E
地	B
段	E
有	S
航	B
磁	I
异	I
常	E
存	B
在	E
，	S
在	S
地	B
貌	E
上	S
亦	S
有	S
明	B
显	E
的	S
反	B
映	E
，	S
不	B
仅	E
局	B
部	E
形	B
成	E
了	S
北	B
东	E
延	B
伸	E
的	S
直	B
线	I
状	I
山	I
脊	E
及	S
断	B
层	I
陡	I
崖	E
，	S
而	B
且	E
局	B
部	E
控	B
制	E
了	S
湖	B
泊	E
、	S
洼	B
地	E
和	S
河	B
流	E
的	S
流	B
向	E
。	S

大	B
都	E
遭	B
受	E
不	B
同	E
程	B
度	E
的	S
钠	B
长	I
石	O
化	E
，	S
绿	B
帘	I
石	I
化	E
或	S
阳	B
起	I
石	O
化	E
。	S

故	S
在	S
该	S
"	S
红	B
层	E
"	S
中	S
有	S
无	B
盐	I
类	I
矿	I
产	E
亦	S
值	B
得	E
今	B
后	E
进	B
一	I
步	E
工	B
作	E
中	S
注	B
意	E
研	B
究	E
。	S

与	S
弓	B
长	I
岭	I
花	I
岗	I
岩	E
（	S
η	B
γ	I
A	I
r	E
）	O
粉	B
灰	I
色	I
片	I
麻	I
状	I
二	I
长	I
花	I
岗	I
岩	E
呈	S
韧	B
性	I
剪	I
切	I
接	I
触	E
。	S

断	B
裂	E
总	B
体	E
走	B
向	E
3	B
0	I
~	I
3	I
5	I
°	E
,	S
倾	B
向	E
南	B
东	E
或	S
北	B
西	E
，	S
倾	B
角	E
6	B
0	I
~	I
8	I
5	I
°	E
，	S
长	S
达	S
1	B
4	I
5	I
k	I
m	E
，	S
断	B
裂	I
破	I
碎	I
带	E
宽	S
几	B
十	I
米	E
至	S
几	B
百	I
米	E
。	S

分	B
布	E
范	B
围	E
基	B
本	E
与	S
崮	B
山	I
组	E
相	B
同	E
，	S
厚	S
5	B
0	I
～	I
8	I
0	I
m	E
。	S

岩	B
石	E
发	B
育	E
水	B
平	I
层	I
理	E
、	S
平	B
行	I
层	I
理	E
、	S
斜	B
层	I
理	E
及	S
冲	B
刷	I
面	E
。	S

主	B
要	E
分	B
布	E
在	S
辽	B
阳	E
东	B
部	E
与	S
本	B
溪	E
接	B
壤	E
的	S
银	B
匠	I
水	I
库	E
至	S
葠	B
窝	I
水	I
库	E
一	B
带	E
、	S
辽	B
阳	I
县	E
南	B
部	E
区	B
域	E
。	S

据	S
水	B
文	I
地	I
质	I
大	I
队	E
搜	B
集	E
的	S
长	B
江	I
水	I
利	I
委	I
员	I
会	E
二	B
等	E
水	B
准	I
测	I
量	I
资	I
料	E
，	S
环	B
波	I
阳	I
湖	E
有	S
两	B
期	E
测	B
量	E
成	B
果	E
，	S
第	B
一	I
期	E
成	B
果	E
自	S
1	B
9	I
5	I
5	I
年	E
至	S
1	B
9	I
5	I
6	I
年	E
施	B
测	E
，	S
第	B
二	I
期	E
成	B
果	E
自	S
1	B
9	I
7	I
3	I
年	I
5	I
月	E
至	S
1	B
9	I
7	I
7	I
年	I
6	I
月	E
施	B
测	E
，	S
结	B
果	E
表	B
明	E
，	S
昌	B
北	I
乐	I
化	I
地	I
区	E
1	B
9	I
5	I
5	I
年	E
至	S
1	B
9	I
7	I
7	I
年	E
间	S
平	B
均	E
上	B
升	E
速	B
率	E
为	S
+	B
0	I
.	I
1	I
0	I
5	I
m	I
m	O
/	I
年	E
。	S

梅	B
花	I
岭	I
组	I
坡	I
洪	I
积	I
地	I
层	E
（	S
Q	B
p	I
d	I
p	I
l	E
）	S
，	S
从	S
辽	B
化	E
、	S
东	B
京	I
陵	E
至	S
小	B
屯	I
镇	E
的	S
梅	B
花	I
岭	E
，	S
向	S
北	S
延	B
伸	E
至	S
沙	B
浒	E
、	S
铧	B
子	E
一	B
带	E
，	S
组	B
成	E
山	B
前	I
黄	I
土	I
台	I
地	I
形	E
，	S
标	B
高	E
5	B
0	I
-	I
8	I
0	I
m	E
，	S
厚	B
度	E
约	S
2	B
0	I
m	E
，	S
北	B
东	I
向	E
展	B
布	E
，	S
东	B
西	E
宽	S
达	S
1	B
0	I
余	I
k	I
m	E
。	S

（	S
四	S
）	S
全	B
新	I
统	E
（	S
Q	B
h	E
）	S
。	S

独	B
木	I
-	I
哑	I
叭	I
岭	I
-	I
八	I
盘	I
岭	I
复	I
式	I
褶	I
皱	E
：	S
褶	B
皱	E
轴	B
向	E
近	S
E	B
W	E
，	S
由	S
两	B
个	E
向	B
斜	E
和	S
一	B
个	E
背	B
斜	I
构	I
造	E
构	B
成	E
复	B
式	I
褶	I
皱	I
构	I
造	E
。	S

该	S
断	B
裂	E
在	S
1	B
:	I
5	I
万	E
胶	B
州	E
区	B
域	E
图	S
上	S
称	S
东	B
营	I
断	I
裂	E
，	S
区	B
域	E
上	S
属	S
铺	B
集	I
-	I
夼	I
集	I
断	I
裂	E
的	S
东	B
端	E
，	S
西	S
起	S
百	B
尺	I
河	E
，	S
经	S
铺	B
集	E
、	S
二	B
十	I
五	I
里	I
夼	E
向	S
东	S
延	S
入	S
胶	B
州	I
湾	E
，	S
有	S
报	B
告	E
称	S
该	S
断	B
裂	E
经	B
过	E
胶	B
州	I
湾	E
后	S
可	S
与	S
郭	B
成	I
断	I
裂	E
链	B
接	E
。	S

断	B
裂	E
呈	S
近	S
东	B
西	I
向	E
分	B
布	E
于	S
胶	B
州	I
市	I
区	E
北	B
东	I
侧	E
，	S
在	S
胶	B
州	I
城	E
西	S
被	S
第	B
四	I
系	E
覆	B
盖	E
，	S
向	O
东	E
在	S
南	B
庄	E
附	B
近	E
被	S
近	S
北	B
北	I
东	I
向	E
大	B
沽	I
河	E
断	B
裂	E
错	O
断	E
，	S
东	B
端	E
延	S
至	S
城	B
阳	E
。	S

坳	B
陷	I
带	E
内	O
褶	I
皱	E
与	S
推	B
覆	I
滑	I
脱	I
构	I
造	E
发	B
育	E
，	S
总	B
体	E
为	S
向	B
北	E
滑	B
覆	O
特	B
征	E
，	S
呈	S
构	B
造	I
岩	I
片	E
形	I
态	E
产	B
出	E
。	S

另	B
外	E
在	S
该	S
层	S
中	S
有	S
4	B
个	E
>	B
2	I
.	I
5	I
Φ	I
粒	I
径	E
的	S
砂	B
质	I
组	I
分	E
含	B
量	E
较	B
高	E
的	S
区	B
段	E
，	S
分	B
别	E
为	S
0	B
.	I
0	I
~	I
0	I
.	I
2	I
m	E
、	S
0	B
.	I
7	I
~	I
1	I
.	I
0	I
m	E
、	S
4	B
.	I
1	I
~	I
4	I
.	I
3	I
m	E
和	S
7	B
.	I
5	I
~	I
7	I
.	I
8	I
m	E
。	S

2	S
、	S
脆	B
性	I
动	I
力	I
变	I
质	I
岩	E
发	B
育	E
于	S
脆	B
性	I
断	I
裂	E
中	S
的	S
断	B
层	I
岩	I
系	I
列	E
，	S
主	B
要	E
由	S
初	B
碎	I
裂	I
岩	E
、	S
碎	B
裂	I
岩	E
、	S
超	B
碎	I
裂	I
岩	E
组	B
成	E
。	S

为	S
近	B
代	E
河	B
流	I
相	I
沉	I
积	I
物	E
。	S

根	B
据	E
上	B
述	E
情	B
况	E
分	B
析	E
，	S
该	S
断	B
裂	I
带	E
的	S
形	B
成	E
及	B
其	E
力	B
学	I
性	I
质	E
是	S
极	B
为	E
复	B
杂	E
的	S
，	S
早	B
期	E
系	S
由	S
南	B
东	I
向	E
北	B
西	I
方	I
向	E
逆	B
冲	E
，	S
晚	B
期	E
逆	B
冲	E
方	B
向	E
恰	B
恰	E
相	B
反	E
。	S

从	S
区	B
域	I
资	I
料	E
分	B
析	E
，	S
该	S
方	B
向	E
断	B
裂	E
与	S
北	B
东	I
向	E
断	B
裂	E
构	B
成	E
共	B
轭	I
断	I
裂	I
系	I
统	E
，	S
为	S
近	S
南	B
北	I
向	E
挤	B
压	I
应	I
力	I
产	I
物	E
。	S

即	B
墨	I
市	I
段	I
泊	I
岚	E
、	S
南	B
泉	E
一	B
带	E
，	S
辛	B
格	I
庄	I
组	E
出	B
露	E
广	B
泛	E
，	S
呈	S
南	B
东	I
向	E
带	B
状	E
展	B
布	E
，	S
与	S
下	B
伏	E
八	B
亩	I
地	I
组	E
角	B
度	I
不	I
整	I
合	I
接	I
触	E
；	S
岩	B
性	I
组	I
合	E
为	S
灰	B
紫	I
色	I
中	I
细	I
粒	I
长	I
石	I
岩	I
屑	I
砂	I
岩	E
、	S
黄	B
绿	I
色	I
细	I
砂	I
岩	E
、	S
凝	B
灰	I
质	I
砂	I
岩	E
，	S
紫	B
红	E
、	S
灰	B
绿	I
色	I
泥	I
岩	E
、	S
粉	B
砂	I
岩	I
夹	I
泥	I
灰	I
岩	E
及	S
中	B
粗	I
粒	I
岩	I
屑	I
长	I
石	I
砂	I
岩	E
、	S
砾	B
岩	E
等	S
，	S
并	S
夹	S
有	S
多	B
层	E
玄	B
武	I
岩	E
，	S
玄	B
武	I
岩	E
厚	B
度	E
不	B
一	E
，	S
几	B
十	I
米	E
至	S
几	B
百	I
米	E
不	B
等	E
。	S

随	B
着	E
温	B
度	E
进	B
一	I
步	E
升	B
高	E
，	S
推	B
断	E
此	B
时	E
有	S
花	B
岗	I
岩	I
浆	E
出	B
现	E
，	S
在	S
晋	B
宁	I
期	I
造	I
山	I
带	E
深	S
部	S
形	B
成	E
（	S
近	S
）	S
原	B
地	I
侵	I
入	I
-	I
交	I
代	I
型	I
变	I
形	I
花	I
岗	I
岩	E
发	B
生	E
了	S
较	B
强	E
的	S
边	B
缘	I
混	I
合	I
岩	I
化	E
和	S
递	B
进	I
变	I
质	I
作	I
用	E
。	S

一	S
、	S
地	B
层	E
。	S

工	B
作	I
区	E
脉	B
岩	E
岩	B
性	E
有	S
辉	B
长	I
石	I
英	I
脉	E
、	S
伟	B
晶	I
岩	I
脉	E
、	S
花	B
岗	I
斑	I
岩	E
、	S
细	B
粒	I
花	I
岗	I
岩	E
等	S
3	B
种	E
。	S

东	B
南	E
属	S
千	B
山	I
山	I
脉	I
西	I
麓	I
低	I
山	I
丘	I
陵	I
地	I
带	E
；	S
东	B
北	I
部	E
位	B
于	E
龙	B
岗	I
山	I
脉	O
尾	I
部	I
丘	I
陵	I
地	I
带	E
；	S
西	B
部	E
位	B
于	E
下	B
辽	I
河	I
平	I
原	E
东	B
侧	E
边	B
缘	I
地	I
带	E
。	S

冲	B
洪	I
积	I
层	E
分	B
布	E
在	S
西	B
部	E
平	B
原	I
区	E
及	S
东	B
部	E
低	B
山	I
丘	I
陵	I
区	E
河	B
流	E
一	B
级	E
阶	B
地	E
上	S
；	S
冲	B
积	I
层	E
分	B
布	E
在	S
现	B
代	I
河	O
床	I
主	I
槽	E
一	B
侧	E
或	S
两	B
侧	E
，	S
多	S
呈	S
带	B
状	E
分	B
布	E
，	S
遍	B
及	E
全	S
区	E
，	S
岩	B
性	E
呈	S
“	S
二	B
元	I
结	I
构	E
”	S
；	S
坡	B
洪	I
积	E
则	S
主	B
要	E
分	B
布	E
在	S
河	B
谷	E
两	B
侧	E
及	S
山	B
前	I
地	I
带	E
。	S

（	S
1	S
）	S
地	B
质	I
特	I
征	E
。	S

（	S
一	S
）	S
中	B
元	I
古	I
代	I
长	I
城	I
纪	I
侵	I
入	I
岩	E
。	S

二	S
、	S
前	B
第	I
四	I
纪	I
地	I
层	E
。	S

（	S
一	S
）	S
荆	B
山	I
群	E
（	S
P	B
t	I
1	I
J	E
）	S
。	S

上	B
部	E
主	B
要	E
为	S
凝	B
灰	I
质	I
千	I
枚	I
岩	E
，	S
千	B
枚	I
状	I
粉	I
屑	I
夹	I
细	I
屑	I
沉	I
凝	I
灰	I
岩	E
及	S
少	B
量	E
凝	B
灰	I
质	I
千	I
枚	I
状	I
板	I
岩	E
（	S
图	S
3	S
-	B
1	O
）	S
，	S
风	B
化	E
后	S
多	S
呈	S
灰	B
白	E
、	S
棕	B
黄	E
、	S
紫	B
红	E
等	S
色	S
，	S
厚	S
约	S
2	B
8	I
0	I
m	E
。	S

由	S
下	S
至	S
上	S
分	S
二	B
段	E
，	S
即	S
汤	B
家	I
沟	I
段	E
（	S
P	B
t	I
g	I
x	I
t	E
）	S
、	S
江	B
还	I
山	I
段	E
（	S
P	B
t	I
g	I
x	I
j	E
）	S
。	S

第	B
三	I
节	E
，	S
岩	B
浆	I
岩	E
。	S

黑	B
云	I
母	E
：	S
片	B
状	I
挠	I
曲	E
，	S
具	S
定	B
向	E
分	B
布	E
。	S

如	S
赣	B
江	I
河	I
谷	E
以	B
西	E
地	B
区	E
，	S
以	S
抬	B
升	I
作	I
用	E
为	B
主	E
，	S
其	B
中	E
梅	B
岭	I
低	I
山	I
区	E
，	S
抬	B
升	E
幅	B
度	E
较	B
大	E
，	S
山	B
岭	E
陡	B
峻	E
、	S
河	B
谷	E
狭	B
小	E
，	S
坡	B
降	E
较	B
大	E
。	S

石	B
英	E
具	S
塑	B
性	I
变	I
形	E
和	S
波	B
状	I
消	I
光	E
，	S
在	S
其	S
边	B
缘	E
除	S
见	S
有	S
亚	B
颗	I
粒	E
外	S
，	S
尚	S
有	S
部	B
分	E
碎	B
裂	E
和	S
粒	B
化	I
现	I
象	E
，	S
长	B
石	E
因	S
碎	B
裂	E
而	S
呈	S
锯	B
齿	I
状	E
或	S
碎	B
斑	I
状	E
；	S
C	S
、	S
糜	B
棱	I
化	I
花	I
岗	I
岩	I
带	E
，	S
位	B
于	E
韧	B
性	I
剪	I
切	I
带	E
的	S
北	B
西	I
侧	E
，	S
宽	S
约	S
2	B
0	I
0	I
～	I
3	I
0	I
0	I
m	E
。	S

其	S
原	B
岩	E
为	S
灰	B
岩	E
、	S
富	S
镁	I
泥	I
灰	I
岩	I
夹	I
粘	I
土	I
岩	E
，	S
反	B
映	E
较	S
稳	B
定	E
的	S
浅	B
海	I
沉	I
积	I
环	I
境	E
。	S

（	S
一	S
）	S
构	B
造	I
演	I
化	E
。	S

该	S
套	S
地	B
层	E
是	S
区	S
内	S
主	B
要	E
的	S
含	B
煤	I
层	I
系	E
，	S
在	S
邻	S
区	S
本	B
溪	I
柳	I
塘	I
煤	I
矿	E
的	S
煤	B
层	I
夹	I
层	E
中	S
黑	B
色	I
页	I
岩	E
中	S
发	B
现	E
C	B
o	I
d	I
a	I
i	I
t	I
e	I
s	I
K	I
a	I
i	I
p	I
i	I
n	I
g	I
e	I
n	I
s	I
i	I
s	E
。	S

南	B
昌	I
市	I
规	I
划	I
区	E
位	B
于	E
扬	B
子	I
地	I
层	I
区	E
的	S
南	B
缘	E
，	S
地	B
处	E
九	B
岭	I
隆	I
起	E
与	S
萍	B
(	I
乡	I
)	I
—	I
乐	I
(	I
平	I
)	I
拗	I
陷	I
带	E
的	S
接	B
触	E
地	B
段	E
。	S

工	B
作	I
区	E
脉	B
岩	E
较	B
为	E
发	B
育	E
，	S
多	S
以	S
酸	B
性	I
花	I
岗	I
岩	I
脉	E
为	B
主	E
，	S
出	B
露	E
面	B
积	E
约	S
3	B
.	I
5	I
2	I
k	I
m	I
2	E
，	S
占	S
工	B
作	I
区	E
总	S
面	B
积	E
的	S
0	B
.	I
2	I
9	I
%	E
，	S
占	S
全	B
区	E
岩	B
浆	I
岩	E
面	B
积	E
的	S
0	B
.	I
9	I
8	I
%	E
。	S

弓	B
长	I
岭	I
矿	I
区	I
复	I
式	I
褶	I
皱	I
构	I
造	E
：	S
位	B
于	E
弓	B
长	I
岭	I
背	I
斜	I
南	I
翼	E
，	S
轴	B
向	E
3	B
1	I
0	I
°	E
-	S
3	B
3	I
0	I
°	E
，	S
倾	B
向	E
S	B
E	E
，	S
倾	B
角	E
1	B
0	I
°	I
-	I
4	I
5	I
°	E
。	S

一	S
、	S
构	B
造	I
单	I
元	E
划	B
分	E
及	S
特	B
征	E
。	S

（	S
六	S
）	S
中	B
生	I
界	E
。	S

仅	S
零	B
星	E
出	B
露	E
于	S
云	B
塘	I
村	E
、	S
黄	B
家	E
、	S
金	B
仙	I
寺	E
、	S
虎	B
心	I
山	E
、	S
生	B
米	I
镇	E
上	B
下	I
洲	E
等	S
地	B
区	E
。	S

胶	B
州	I
湾	I
近	O
海	E
是	S
全	B
新	I
世	I
海	I
侵	E
形	B
成	E
的	S
海	S
，	S
构	B
造	E
上	S
属	B
于	E
稳	B
定	I
上	I
升	I
区	E
，	S
海	B
底	I
松	I
散	I
沉	I
积	I
物	E
中	S
只	S
有	S
全	B
新	I
世	E
的	S
一	B
个	E
海	B
相	I
地	I
层	E
，	S
海	B
相	I
地	I
层	E
以	B
下	E
为	S
晚	B
更	I
新	I
世	E
的	S
河	B
流	E
、	S
沼	B
泽	E
、	S
冲	B
洪	I
积	I
地	I
层	E
或	S
中	B
生	I
代	E
以	B
前	E
的	S
基	B
岩	E
。	S

即	B
墨	I
区	E
一	B
带	E
，	S
该	S
组	S
厚	B
度	E
变	B
化	E
大	S
，	S
并	S
与	S
石	B
前	I
庄	I
组	E
交	B
互	E
产	B
出	E
，	S
反	B
映	E
出	S
不	B
同	E
源	B
岩	I
浆	I
准	E
同	B
时	E
喷	B
发	E
的	S
双	B
峰	I
式	I
模	I
式	E
；	S
在	S
即	B
墨	I
区	E
丰	I
城	I
镇	E
该	S
组	S
厚	B
度	E
大	B
于	E
1	B
5	I
3	I
5	I
.	I
9	I
m	E
，	S
在	S
大	B
留	I
村	I
-	I
龙	I
泉	E
，	S
该	S
组	S
总	S
厚	S
2	B
3	I
3	I
3	I
.	I
7	I
m	E
，	S
与	S
石	B
前	I
庄	I
组	E
间	B
隔	E
出	B
现	E
。	S

胶	B
州	I
市	I
河	I
套	I
镇	E
、	S
红	B
岛	E
一	B
带	E
，	S
仅	S
发	B
育	E
流	B
纹	I
质	I
凝	I
灰	I
岩	E
、	S
球	B
泡	E
（	S
球	B
粒	I
）	I
流	I
纹	I
岩	E
，	S
与	S
下	B
伏	E
八	B
亩	I
地	I
组	E
整	B
合	I
接	I
触	E
。	S

是	S
一	B
条	E
极	B
为	E
重	B
要	E
的	S
断	B
层	E
或	S
断	B
裂	I
带	E
。	S

据	S
瀛	B
上	I
-	I
老	I
鹰	I
脑	I
实	I
测	I
剖	I
面	I
资	I
料	E
，	S
以	S
糜	B
棱	I
混	I
合	I
片	I
麻	I
岩	E
（	S
或	S
花	B
岗	I
质	I
糜	I
棱	I
混	I
合	I
片	I
麻	I
岩	E
）	S
及	S
糜	B
棱	I
化	I
混	I
合	I
片	I
麻	I
岩	E
（	S
图	O
3	I
-	I
2	E
、	S
图	B
3	I
-	I
3	E
）	S
为	B
主	E
，	S
次	S
为	S
糜	B
棱	I
化	I
条	I
痕	I
状	I
混	I
合	I
岩	E
和	S
糜	B
棱	I
化	I
绢	I
云	I
千	I
枚	I
岩	E
。	S

6	S
、	S
杨	B
家	I
庄	I
组	I
（	I
K	B
y	I
）	I
杨	I
家	I
庄	I
组	E
主	B
要	E
分	B
布	E
于	S
即	B
墨	I
市	I
-	I
王	I
村	I
镇	E
一	B
带	E
，	S
胶	B
州	I
地	I
区	E
李	B
家	I
营	E
至	S
高	B
密	I
市	I
柴	I
沟	E
一	B
带	E
亦	S
有	S
分	B
布	E
。	S

区	S
内	S
变	B
质	I
岩	E
，	S
以	S
区	B
域	I
变	I
质	I
岩	I
类	E
为	B
主	E
。	S

进	B
入	E
该	S
阶	B
段	E
，	S
下	B
辽	I
河	E
东	B
部	E
山	B
前	I
地	I
带	E
差	B
异	I
性	I
构	I
造	I
运	I
动	E
显	B
著	E
，	S
使	B
得	E
山	B
区	E
呈	S
断	B
块	I
状	E
上	B
升	E
，	S
平	B
原	I
区	E
继	B
承	I
性	E
下	B
降	E
，	S
在	S
老	B
构	I
造	I
断	I
裂	E
的	S
基	B
础	E
上	S
衍	B
生	E
出	S
新	S
的	S
断	B
裂	E
。	S

工	B
作	I
区	E
内	S
还	S
发	B
育	E
有	S
其	B
它	E
一	B
些	E
北	B
东	I
向	E
断	B
裂	E
。	S

岩	B
性	E
主	B
要	E
为	S
灰	B
紫	I
色	I
薄	I
-	I
中	I
厚	I
层	I
中	I
细	I
粒	I
鲕	I
粒	I
灰	I
岩	E
、	S
紫	B
色	I
粉	I
砂	I
质	I
页	I
岩	I
夹	I
灰	I
绿	I
色	I
粉	I
砂	I
质	I
页	I
岩	E
、	S
薄	B
层	I
泥	I
灰	I
岩	E
及	S
薄	B
层	I
砾	I
屑	I
灰	I
岩	E
、	S
灰	B
色	I
薄	I
-	I
中	I
厚	I
层	I
粉	I
晶	I
灰	I
岩	E
，	S
底	B
部	E
见	S
紫	B
色	I
石	I
灰	I
岩	I
质	I
砾	I
岩	E
，	S
偶	B
见	E
沉	B
积	I
间	I
断	I
面	E
。	S

（	S
二	S
）	S
构	B
造	I
剥	I
蚀	I
低	I
山	I
丘	I
陵	I
区	E
。	S

龙	B
旺	I
庄	I
组	E
是	S
湖	B
泊	E
消	B
亡	E
初	B
期	E
的	S
浅	B
湖	I
相	E
、	S
河	B
口	I
三	I
角	I
洲	I
相	I
沉	I
积	E
。	S

县	S
域	E
内	S
地	B
层	E
发	B
育	E
不	S
全	S
，	S
除	S
第	B
四	I
纪	E
及	S
下	B
第	I
三	I
纪	E
广	B
泛	E
发	B
育	E
外	S
，	S
自	S
青	B
白	I
口	I
纪	E
、	S
白	B
垩	I
纪	E
仅	S
局	B
部	E
零	B
星	E
出	B
露	E
。	S

分	B
布	E
在	S
辽	B
阳	I
市	E
上	S
、	S
下	B
缸	I
窑	E
等	S
地	S
，	S
厚	B
度	E
4	B
0	I
-	I
1	I
7	I
0	I
m	E
。	S

宏	B
观	E
上	S
长	B
英	I
质	I
矿	I
物	E
与	S
片	B
状	I
矿	I
物	E
组	B
成	E
明	B
显	E
的	S
纹	B
带	E
或	S
条	B
带	I
状	I
构	I
造	E
，	S
纹	B
带	E
或	S
条	B
带	E
发	B
生	E
频	B
度	E
为	S
3	B
0	I
/	I
厘	I
米	E
，	S
显	B
示	E
了	S
重	B
结	I
晶	I
前	I
糜	I
棱	I
岩	E
时	B
期	E
的	S
动	B
力	I
特	I
征	E
，	S
有	B
时	E
可	B
见	E
片	B
状	I
矿	I
物	E
定	B
向	O
排	I
列	E
组	B
成	E
的	S
S	B
c	I
面	I
理	E
，	S
剪	B
切	I
作	I
用	E
形	B
成	E
的	S
石	B
英	I
条	I
带	E
组	B
成	E
S	B
c	I
面	I
理	E
。	S

进	B
入	E
全	B
新	I
世	E
以	B
来	E
，	S
下	B
辽	I
河	I
平	I
原	E
下	B
沉	E
幅	B
度	E
变	S
小	E
，	S
沉	B
积	I
环	I
境	E
较	B
为	E
稳	B
定	E
，	S
气	B
候	E
温	B
暖	E
，	S
该	S
阶	B
段	E
第	B
四	I
纪	I
沉	I
积	E
为	S
冲	B
积	E
、	S
冲	B
洪	I
积	E
及	S
坡	B
积	E
。	S

断	B
裂	E
位	B
移	E
距	B
离	E
较	B
大	E
，	S
上	B
盘	E
分	B
布	E
胶	B
州	I
组	I
正	I
常	I
沉	I
积	I
岩	E
，	S
下	B
盘	E
为	S
红	B
土	I
崖	I
组	I
火	I
山	I
喷	I
发	I
熔	I
岩	E
，	S
大	B
沽	I
河	I
断	I
裂	E
以	B
东	E
均	S
在	S
红	B
土	I
崖	I
组	E
中	S
。	S

北	B
部	E
颗	B
粒	E
粗	S
，	S
结	B
构	E
简	B
单	E
；	S
南	B
部	E
颗	B
粒	E
细	S
、	S
结	B
构	E
复	B
杂	E
，	S
厚	B
度	E
5	B
-	I
2	I
5	I
m	E
，	S
所	B
含	E
石	B
英	I
质	I
砾	I
石	E
直	B
径	E
均	S
在	S
0	B
.	I
2	I
-	I
1	I
.	I
0	I
c	I
m	E
。	S

中	B
生	I
代	E
以	B
来	E
工	B
作	I
区	E
处	B
于	E
太	B
平	I
洋	I
构	I
造	I
域	E
，	S
经	S
燕	B
山	I
期	I
-	I
喜	I
山	I
期	I
构	I
造	I
运	I
动	E
，	S
形	B
成	E
了	S
以	S
N	B
E	E
、	S
N	B
N	I
E	O
及	S
N	B
W	E
向	S
构	B
造	E
为	B
主	E
的	S
构	B
造	I
行	I
迹	E
，	S
基	B
本	E
形	B
成	E
现	B
今	E
的	S
构	B
造	E
格	O
局	E
。	S

据	S
断	B
层	E
两	B
侧	E
位	B
移	E
方	B
向	E
分	B
析	E
，	S
其	S
南	B
西	I
盘	E
相	B
对	E
往	S
北	B
西	I
方	I
向	E
位	B
移	E
，	S
可	B
能	E
为	S
一	S
压	O
剪	E
的	S
平	B
移	I
断	I
层	E
。	S

主	B
要	E
特	B
征	E
是	S
，	S
沿	S
该	S
断	B
层	E
之	S
花	B
岗	I
岩	I
体	E
中	S
，	S
形	B
成	E
宽	S
约	S
2	B
0	I
c	I
m	E
的	S
断	B
层	I
泥	I
砾	I
带	E
，	S
并	S
具	S
钾	B
长	I
石	I
化	E
（	S
图	S
3	O
-	O
1	I
3	E
）	S
或	S
钠	B
长	I
石	B
化	E
，	S
据	S
该	S
断	B
层	I
面	E
上	S
多	S
组	S
不	B
同	E
倾	B
角	E
之	S
擦	B
痕	E
（	S
图	S
3	O
-	O
1	I
4	E
）	S
分	B
析	E
，	S
可	B
能	E
为	S
一	S
多	O
次	E
活	B
动	E
的	S
压	B
剪	I
断	I
裂	E
。	S

向	S
东	B
北	O
方	O
向	E
经	S
赫	B
官	I
庄	E
、	S
由	S
红	B
石	I
崖	E
进	B
入	E
胶	B
州	I
湾	E
，	S
据	S
有	B
关	E
资	B
料	E
分	B
析	E
，	S
过	S
胶	B
州	I
湾	E
后	S
可	S
与	S
朱	B
吴	I
断	I
裂	E
链	B
接	E
。	S

断	B
裂	E
倾	B
向	E
南	S
，	S
上	B
盘	E
分	B
布	E
青	B
山	I
群	I
后	I
夼	I
庄	I
组	I
火	I
山	I
岩	E
，	S
下	B
盘	E
分	B
布	E
莱	B
阳	I
群	I
杜	I
村	I
组	I
砾	I
岩	E
、	S
砂	B
岩	E
，	S
显	B
示	E
上	B
盘	E
下	B
降	E
，	S
为	S
张	B
性	I
活	I
动	E
，	S
断	B
裂	E
北	B
盘	E
（	S
下	B
盘	E
）	S
近	S
断	B
裂	I
带	E
附	B
近	E
，	S
分	B
布	E
一	B
系	I
列	E
北	B
西	I
向	E
小	S
断	I
裂	E
，	S
均	S
指	B
示	E
主	S
断	B
裂	E
的	S
右	B
旋	I
平	I
移	I
性	I
质	E
，	S
由	B
此	E
表	B
明	E
，	S
该	S
断	B
裂	E
以	S
右	B
旋	I
张	I
扭	I
性	I
活	I
动	E
为	B
主	E
。	S

分	B
布	E
在	S
太	B
子	I
河	I
流	I
域	E
，	S
小	B
屯	E
、	S
寒	B
岭	E
、	S
唐	B
家	I
堡	I
子	E
一	B
带	E
，	S
小	B
屯	E
一	B
带	E
厚	S
约	S
8	B
0	I
m	E
，	S
下	B
部	E
以	S
变	B
质	I
（	I
含	B
砾	I
）	I
长	I
石	I
石	I
英	I
砂	I
岩	I
夹	I
海	I
绿	I
石	I
石	I
英	I
砂	I
岩	E
、	S
泥	B
质	I
粉	I
砂	I
岩	E
为	B
主	E
，	S
夹	S
变	B
质	I
石	I
英	I
砂	I
岩	E
、	S
石	B
英	I
质	I
砾	I
岩	E
和	S
变	B
质	I
含	I
砾	I
不	I
等	I
粒	I
杂	I
砂	I
岩	E
等	S
，	S
底	B
部	E
具	S
变	B
质	I
底	I
砾	I
岩	E
；	S
上	B
部	E
以	S
巨	B
厚	I
层	I
变	I
质	I
（	I
含	I
砾	I
）	I
石	I
英	I
砂	I
岩	E
、	S
灰	B
绿	I
色	I
薄	I
-	I
中	I
厚	I
层	E
与	S
上	B
覆	E
青	B
白	I
口	I
系	I
南	I
芬	I
组	E
（	S
Q	B
b	I
n	E
）	S
呈	S
整	B
合	I
接	I
触	E
。	S

（	S
3	S
）	S
活	B
动	E
期	B
次	E
及	S
性	B
质	E
。	S

断	B
裂	I
带	E
总	B
体	E
呈	S
3	B
1	I
0	I
°	E
，	S
长	S
约	S
5	B
0	I
k	I
m	E
，	S
实	B
际	E
出	B
露	E
长	S
2	B
1	I
k	I
m	E
，	S
两	B
条	E
断	B
裂	E
间	B
隔	E
1	B
~	I
2	I
k	I
m	E
。	S

单	B
条	E
断	B
裂	I
走	O
向	E
3	B
0	I
0	I
°	E
~	O
3	I
2	I
5	I
°	E
，	S
长	S
1	B
8	I
~	I
2	I
1	I
k	I
m	E
，	S
宽	S
2	B
0	I
~	I
3	I
0	I
m	E
。	S

岩	B
性	E
多	S
为	S
卵	B
（	I
碎	I
）	I
石	E
、	S
砾	B
砂	E
、	S
中	B
粗	I
砂	E
夹	S
多	S
层	S
粉	B
质	I
粘	I
土	I
薄	I
层	E
；	S
褐	B
黄	I
色	E
，	S
湿	B
～	S
饱	B
和	E
，	S
稍	S
密	B
～	S
中	O
密	E
，	S
层	B
状	I
构	I
造	E
，	S
紧	B
密	I
结	I
构	E
，	S
粗	B
颗	I
粒	E
磨	B
圆	I
度	E
以	S
亚	B
角	I
状	E
为	B
主	E
，	S
分	S
选	S
中	B
等	E
。	S

次	B
级	I
张	I
性	I
裂	I
隙	E
产	B
状	E
3	B
5	I
5	I
°	I
∠	I
7	I
8	I
°	E
，	S
指	B
示	E
断	B
裂	E
的	S
左	B
旋	I
活	I
动	E
性	B
质	E
。	S

据	S
区	B
域	I
资	I
料	E
，	S
为	S
一	B
条	O
伸	B
入	E
下	B
扬	I
子	I
地	I
块	E
与	S
信	B
钱	I
地	I
块	E
之	B
间	E
的	S
晋	B
宁	I
～	I
加	I
里	I
东	I
期	I
造	I
山	I
带	E
，	S
历	B
经	E
晋	B
宁	I
期	I
古	I
板	I
块	O
碰	I
撞	E
和	S
加	B
里	I
东	I
期	E
南	B
北	E
两	B
侧	E
对	B
冲	E
以	B
及	E
中	B
生	I
代	I
陆	I
内	I
焊	I
合	I
叠	I
覆	E
，	S
形	B
成	E
的	S
极	B
为	E
复	B
杂	E
的	S
超	B
强	I
变	I
形	I
构	I
造	I
带	E
，	S
北	S
以	S
宜	B
丰	I
～	I
景	I
德	I
镇	I
对	I
接	I
带	E
与	S
下	B
扬	I
子	I
地	I
块	E
分	B
界	E
，	S
东	B
南	I
部	E
以	S
赣	B
东	I
北	I
叠	I
接	I
断	I
裂	I
带	E
为	B
界	O
与	S
信	B
钱	I
地	I
块	E
相	B
接	E
，	S

3	S
.	S
南	B
华	I
系	I
桥	I
头	I
组	E
（	S
N	B
h	I
q	E
）	S
。	S

三	S
、	S
岩	B
浆	I
岩	E
。	S

各	S
地	B
貌	I
单	I
元	E
特	B
征	E
见	S
表	B
3	I
-	I
1	E
。	S

与	S
上	B
覆	O
高	B
家	I
峪	I
组	E
（	S
P	B
t	I
g	E
）	S
呈	S
整	B
合	I
接	I
触	I
关	I
系	E
。	S

2	S
、	S
辛	B
格	I
庄	I
组	E
(	S
K	B
x	E
)	E
分	B
部	E
于	S
平	B
度	I
市	I
古	I
岘	I
镇	E
、	S
莱	B
西	I
市	I
牛	I
溪	I
埠	E
、	S
莱	B
阳	I
市	I
柏	I
林	I
庄	I
镇	E
、	S
海	B
阳	I
市	I
发	I
城	I
镇	E
一	B
线	E
，	S
呈	S
N	B
E	E
向	O
展	B
布	E
，	S
另	B
外	E
在	S
即	B
墨	I
市	I
段	I
泊	I
岚	E
、	S
南	B
泉	E
一	B
带	E
亦	S
有	S
出	B
露	E
。	S

仅	S
零	B
星	E
出	B
露	E
于	S
碟	B
子	I
湖	I
王	I
家	I
楼	E
、	S
龙	B
和	I
团	E
等	S
地	B
区	E
。	S

三	S
、	S
白	B
垩	I
纪	I
早	I
世	I
团	I
山	I
花	I
岗	I
岩	I
类	E
。	S

团	B
山	I
花	I
岗	I
岩	I
类	E
由	S
团	B
山	E
和	S
毛	B
窝	I
北	E
两	B
个	E
侵	B
入	I
体	E
（	S
1	B
:	I
5	I
万	E
向	B
坊	I
幅	E
）	S
组	B
成	E
，	S
在	S
南	B
昌	I
市	I
规	I
划	I
区	E
仅	S
出	B
露	E
少	B
量	E
团	B
山	I
岩	I
体	E
，	S
为	S
向	B
坊	I
幅	I
毛	O
窝	I
北	I
岩	I
体	E
呈	S
北	B
东	I
向	E
延	B
伸	E
至	S
此	E
，	S
现	S
将	S
该	S
岩	O
体	S
地	B
质	I
特	I
征	E
和	S
地	B
球	I
化	I
学	I
特	I
征	E
简	B
介	E
如	B
下	E
：	S
1	S
、	S
钾	B
长	I
花	I
岗	I
岩	E
(	S
η	B
γ	I
J	I
2	I
1	I
-	I
2	E
)	S
钾	B
长	I
花	I
岗	I
岩	E
主	B
要	E
由	S
毛	B
窝	I
北	E
(	S
毛	B
窝	I
北	E
地	B
名	E
，	S
位	B
于	E
向	B
坊	I
幅	E
内	S
出	B
露	E
于	S
规	B
划	I
区	E
梅	B
岭	I
村	E
以	B
西	E
一	B
带	E
。	S

总	B
体	E
上	S
，	S
砂	B
卵	I
砾	I
石	I
层	E
分	B
布	E
较	S
广	S
，	S
达	S
冲	B
洪	I
积	I
层	E
5	B
0	I
%	E
左	B
右	E
，	S
厚	B
度	E
3	B
0	I
-	I
4	I
0	I
m	E
，	S
卵	B
砾	I
石	E
以	S
次	B
棱	I
角	I
状	I
石	I
英	I
岩	E
、	S
花	B
岗	I
岩	E
为	B
主	E
，	S
夹	S
厚	S
约	S
1	B
0	I
m	E
的	S
中	B
粗	I
砂	I
薄	I
层	E
。	S

法	B
家	I
茔	I
组	E
是	S
在	S
湖	B
盆	E
演	B
化	E
晚	B
期	E
大	B
部	I
分	E
已	S
被	S
淤	B
塞	E
，	S
在	S
局	B
部	E
低	B
洼	I
地	I
带	E
沉	B
积	E
的	S
浅	B
湖	I
相	I
细	I
碎	I
屑	I
岩	E
为	B
主	E
的	S
沉	B
积	I
组	I
合	E
。	S

劈	B
石	I
口	I
断	I
裂	I
活	I
动	E
期	B
次	E
可	S
分	B
出	E
三	B
期	E
：	S
第	B
一	I
期	E
，	S
左	B
行	I
压	I
扭	I
活	I
动	I
期	E
；	S
第	B
二	I
期	E
，	S
张	B
性	I
活	I
动	I
期	E
；	S
第	B
三	I
期	E
，	S
右	B
行	I
压	I
扭	I
性	I
活	I
动	I
期	E
。	S

地	B
貌	E
类	B
型	E
齐	B
全	E
，	S
分	B
异	E
规	B
律	E
清	B
晰	E
，	S
层	B
状	E
地	B
貌	E
典	B
型	E
，	S
地	B
貌	E
分	B
区	E
规	B
整	E
，	S
由	S
南	S
至	S
北	E
大	B
致	E
为	S
中	B
山	I
区	E
、	S
低	B
山	I
区	E
、	S
丘	B
陵	I
区	E
、	S
台	B
地	I
区	E
、	S
平	B
原	I
区	E
五	B
类	S
主	B
要	E
地	B
貌	I
区	E
，	S
细	B
分	E
为	S
平	B
坦	E
的	S
低	B
海	I
拔	I
冲	I
积	I
平	I
原	E
、	S
低	B
海	I
拔	I
冲	I
积	I
河	I
漫	I
滩	E
、	S
低	B
海	I
拔	I
古	I
河	I
道	I
洼	I
地	E
、	S
低	B
海	I
拔	I
牛	O
轭	I
湖	I
洼	I
地	E
、	S
低	B
海	I
拔	I
河	I
谷	I
平	I
原	E
、	S
起	B
伏	E
的	S
低	B
海	I
拔	I
冲	I
积	E
。	S

1	S
.	S
五	B
里	I
堆	I
断	I
裂	E
。	S

5	S
.	S
劈	B
石	I
口	I
断	I
裂	E
。	S

岩	B
石	I
组	I
合	E
以	S
白	B
云	I
质	I
大	I
理	I
岩	E
、	S
方	B
解	I
石	I
大	I
理	I
岩	E
为	B
主	E
，	S
夹	S
透	B
辉	I
岩	E
及	S
黑	B
云	I
变	I
粒	I
岩	E
，	S
大	B
理	I
岩	E
局	B
部	E
有	S
蛇	B
纹	I
石	I
化	I
现	I
象	E
。	S

1	B
4	I
C	E
年	B
代	I
学	I
标	I
志	E
：	S
1	B
4	I
C	E
年	B
龄	I
测	I
试	E
为	S
更	B
新	I
统	E
及	S
全	B
新	I
统	E
的	S
划	B
分	E
提	B
供	E
了	S
准	B
确	E
的	S
数	B
据	E
，	S
测	B
试	E
样	B
品	E
以	S
黑	B
色	I
有	I
机	I
质	I
淤	I
泥	E
、	S
贝	B
壳	I
类	E
及	S
钙	B
质	I
结	I
核	E
为	B
主	E
，	S
贝	B
壳	I
类	E
包	B
括	E
完	B
整	E
或	S
有	S
磨	B
损	E
的	S
贝	B
壳	E
及	S
牡	B
蛎	E
，	S
钙	B
质	I
结	I
核	E
矿	B
物	E
成	B
分	E
主	B
要	E
为	S
方	B
解	I
石	E
、	S
不	B
含	O
文	B
石	E
和	S
高	B
镁	I
方	I
解	I
石	E
，	S
化	B
学	I
成	I
分	E
以	S
富	B
钙	E
、	S
贫	B
镁	E
、	S
S	B
r	I
/	I
B	I
a	E
比	B
值	E
小	B
于	E
1	E
为	S
特	B
征	E
，	S
是	S
在	S
陆	B
地	I
条	B
件	E
下	S
由	S
地	B
表	I
水	E
的	S
渗	B
透	E
、	S
淋	B
溶	E
与	S
毛	B
细	I
管	I
作	I
用	E
形	B
成	E
的	S
，	S
同	B
位	I
素	E
年	B
龄	E
为	S
1	B
.	I
9	I
~	I
3	I
.	I
0	I
万	I
年	E
。	S

区	S
内	S
中	B
元	I
古	I
代	I
长	I
城	I
纪	I
中	I
基	I
性	I
-	I
超	I
基	I
性	I
侵	I
入	I
岩	E
，	S
岩	B
石	I
类	I
型	E
为	S
变	B
辉	I
石	I
橄	I
榄	I
岩	I
-	I
变	I
辉	I
石	I
角	I
闪	I
石	I
岩	I
-	I
变	I
辉	I
长	I
岩	I
-	I
闪	I
长	I
质	I
片	I
麻	I
岩	E
，	S
呈	S
包	B
体	I
状	E
分	B
布	E
于	S
新	B
元	I
古	I
代	I
荣	I
成	I
片	I
麻	I
岩	I
套	E
及	S
玲	B
珑	I
片	I
麻	I
状	I
花	I
岗	I
岩	E
中	S
，	S
包	B
体	E
长	B
轴	E
方	B
向	E
大	B
致	E
与	S
区	B
域	E
构	I
造	I
片	I
麻	I
理	E
走	B
向	E
一	B
致	E
，	S
主	B
要	E
发	B
育	E
于	S
青	B
岛	I
市	I
柳	I
花	I
泊	E
和	S
仰	B
口	E
等	S
地	S
，	S
包	B
体	E
大	B
小	E
不	B
一	E
。	S

石	B
墨	I
岩	I
系	I
段	E
主	B
要	E
岩	B
石	E
组	B
合	E
为	S
石	B
墨	I
透	I
辉	I
变	I
粒	I
岩	E
、	S
黑	B
云	I
变	I
粒	I
岩	E
、	S
浅	B
粒	I
岩	E
、	S
石	B
墨	I
透	I
辉	I
（	I
透	I
闪	I
）	I
大	I
理	I
岩	I
夹	I
透	I
辉	I
变	I
粒	I
岩	E
、	S
薄	B
层	I
状	I
含	I
石	I
墨	I
浅	I
粒	I
岩	E
。	S

Ⅰ	S
：	S
碎	B
裂	I
岩	I
带	E
，	S
为	S
断	B
裂	I
带	E
的	S
南	B
东	I
部	E
，	S
宽	S
1	B
5	I
m	E
，	S
内	S
为	S
碎	B
裂	I
岩	E
，	S
发	B
育	E
3	B
3	I
0	I
°	I
∠	I
8	I
2	I
°	O
断	B
面	E
，	S
碎	B
裂	I
岩	E
中	S
出	B
现	E
节	B
理	E
并	S
被	S
牵	B
引	E
发	B
生	E
弯	B
曲	E
。	S

地	B
表	E
出	B
露	E
中	S
、	S
上	B
更	I
新	I
统	E
及	S
全	B
新	I
统	E
，	S
下	B
更	I
新	I
统	E
仅	S
埋	B
藏	E
于	S
佟	B
二	I
堡	I
-	I
刘	I
二	I
堡	E
一	B
线	E
以	B
西	E
地	B
区	E
。	S

岩	B
性	E
以	S
紫	B
褐	I
色	E
、	S
灰	B
褐	I
色	I
砾	I
岩	E
、	S
砂	B
砾	I
岩	E
及	S
砂	B
岩	E
为	B
主	E
，	S
夹	S
少	B
量	E
灰	B
绿	I
色	E
、	S
黄	B
绿	I
色	I
粉	I
砂	I
岩	E
、	S
页	B
岩	E
，	S
层	B
厚	E
约	S
8	B
0	I
0	I
m	E
。	S

