主	B
要	E
由	B
于	E
在	S
不	B
同	I
方	I
向	I
节	I
理	I
切	I
割	E
下	S
，	S
分	B
割	E
成	S
众	B
多	I
多	I
面	I
体	E
的	S
小	B
块	E
；	S
在	S
温	B
度	E
、	S
水	B
溶	I
液	E
及	S
气	B
体	E
等	S
因	B
素	E
长	B
时	I
间	I
作	I
用	E
下	S
，	S
岩	B
体	E
其	S
棱	B
角	E
逐	B
渐	E
圆	B
化	E
，	S
变	S
成	S
球	B
形	E
或	S
椭	B
球	I
形	E
。	S


球	B
状	I
风	I
化	I
碎	I
屑	I
物	I
质	E
被	S
剥	B
离	E
以	S
后	S
，	S
残	B
留	E
的	S
球	B
形	I
岩	I
块	E
称	S
为	S
“	S
石	B
蛋	I
”	E
。	S


该	S
岩	B
体	E
在	S
山	B
脊	E
上	S
易	S
形	B
成	E
球	B
状	I
风	I
化	E
（	S
图	B
图	I
3	I
-	I
6	I
D	I
1	I
9	I
1	I
0	I
0	I
3	I
-	I
Z	I
P	I
2	I
玫	I
瑰	I
画	I
图	I
图	I
3	I
-	I
7	I
D	I
1	I
9	I
1	I
0	I
0	I
3	I
-	I
Z	I
P	I
3	E
岩	B
体	E
球	B
状	I
风	I
化	E
。	S


镜	B
头	E
方	B
向	E
9	B
2	I
°	E
牛	B
岭	I
岩	I
体	E
岩	B
性	E
为	S
中	B
细	I
粒	I
含	I
斑	I
黑	I
云	I
花	I
岗	I
闪	I
长	I
岩	E
，	S
岩	B
石	E
呈	S
灰	B
色	E
，	S
风	B
化	I
色	E
呈	S
褐	B
黄	I
色	E
，	S
中	B
细	I
粒	I
含	I
斑	I
花	I
岗	I
结	I
构	E
，	S
块	B
状	I
构	I
造	E
或	S
半	B
定	I
向	I
构	I
造	E
(	S
后	B
期	E
糜	B
棱	I
岩	I
化	I
作	I
用	E
所	B
致	E
)	S
，	S
主	B
要	E
矿	B
物	E
成	B
分	E
有	S
斜	B
长	I
石	E
、	S
石	B
英	E
、	S
钾	B
长	I
石	E
及	S
云	B
母	E
等	S
，	S
矿	B
物	E
粒	B
径	E
1	B
～	I
5	I
m	I
m	E
。	S


斜	B
长	I
石	E
呈	S
半	B
自	I
形	I
板	I
状	E
，	S
具	S
聚	B
片	I
双	I
晶	E
和	S
复	B
合	I
双	I
晶	E
，	S
可	S
见	S
环	B
带	I
构	I
造	E
和	S
“	B
净	I
边	I
”	I
结	I
构	E
，	S
A	B
n	I
属	I
中	I
长	I
石	E
范	B
围	E
，	S
或	S
不	B
规	I
则	I
状	E
，	S
绢	B
云	I
母	I
化	E
呈	S
假	B
象	E
，	S
有	S
的	S
可	S
见	S
聚	B
片	I
双	I
晶	E
和	S
复	B
合	I
双	I
晶	E
，	S
具	S
环	B
带	I
构	I
造	E
，	S
A	B
n	I
3	I
2	I
～	I
4	I
0	E
，	S
为	S
中	B
、	E
更	B
长	I
石	E
。	S


钾	B
长	I
石	E
呈	S
它	B
形	I
粒	I
状	E
；	S
具	S
条	B
状	I
结	I
构	E
，	S
为	S
微	B
斜	I
长	I
石	E
，	S
条	B
纹	E
发	B
育	E
。	S


石	B
英	E
呈	S
他	B
形	I
粒	I
状	E
，	S
有	S
构	B
造	I
重	I
结	I
晶	E
，	S
呈	S
它	B
形	E
或	S
锯	B
齿	I
状	I
相	I
嵌	I
生	E
，	S
波	B
状	I
消	I
光	E
明	B
显	E
，	S
裂	B
纹	E
发	B
育	E
；	S
黑	B
云	I
母	E
为	S
薄	B
板	I
状	E
，	S
多	B
色	I
性	E
明	B
显	E
，	S
多	S
与	S
次	B
生	I
绢	I
云	I
母	E
等	S
沿	S
裂	B
隙	I
聚	I
晶	I
线	I
状	E
分	B
布	E
。	S


并	S
见	S
钛	B
铁	I
矿	E
、	S
磷	B
灰	I
石	E
、	S
榍	B
石	E
、	S
锆	B
石	I
包	I
体	E
。	S


3	S
、	S
二	B
长	I
花	I
岗	I
岩	E
(	S
γ	B
δ	I
P	I
t	I
3	I
1	I
b	I
-	I
3	E
)	S
主	B
要	E
由	S
高	B
家	I
桥	E
和	S
合	B
水	I
桥	E
两	B
个	E
侵	B
入	I
体	E
组	B
成	E
。	S


出	B
露	E
于	S
南	B
昌	I
市	I
规	I
划	I
区	E
中	B
西	I
部	E
金	B
丘	I
观	I
规	I
划	I
区	E
边	S
与	S
西	B
北	I
角	I
瓦	I
窑	I
村	E
、	S
紫	B
阳	I
山	E
、	S
半	B
岭	I
村	E
一	B
带	E
。	S


在	S
本	S
规	B
划	I
区	E
内	S
出	B
露	E
面	B
积	E
5	B
9	I
.	I
7	I
1	I
k	I
m	I
2	E
，	S
约	S
占	S
规	B
划	I
区	E
总	B
面	I
积	E
的	S
4	B
.	I
2	I
7	I
％	E
。	S


其	S
岩	B
石	I
类	I
型	E
为	S
中	B
粒	I
黑	I
云	I
花	I
岗	I
岩	E
，	S
呈	S
近	B
椭	I
圆	I
形	I
小	I
岩	I
株	E
产	B
出	E
，	S
呈	S
北	B
东	I
向	E
展	B
布	E
。	S


该	S
侵	B
入	I
体	E
与	S
牛	B
岭	I
岩	I
体	E
(	S
γ	B
δ	I
P	I
t	I
3	I
1	I
b	I
～	I
2	E
)	S
呈	S
脉	B
动	I
侵	I
入	I
接	I
触	E
，	S
侵	B
入	I
体	E
边	B
缘	E
见	S
2	B
～	I
5	I
c	I
m	E
的	S
冷	B
凝	I
边	E
，	S
接	B
触	I
面	E
外	B
倾	E
，	S
倾	B
角	E
5	B
0	I
°	I
～	I
6	I
0	I
°	E
，	S
接	B
触	I
面	E
较	S
为	S
平	B
整	E
。	S


合	B
水	I
桥	I
岩	I
体	E
岩	B
性	E
为	S
中	B
粒	I
黑	I
云	I
母	I
二	I
长	I
花	I
岗	I
岩	E
，	S
岩	B
石	E
呈	S
浅	B
灰	I
色	E
，	S
风	B
化	I
色	E
呈	S
褐	B
黄	I
色	E
，	S
中	B
粒	I
花	I
岗	I
结	I
构	E
，	S
块	B
状	I
构	I
造	E
，	S
主	B
要	E
矿	B
物	E
特	B
征	E
：	S
斜	B
长	I
石	E
呈	S
半	B
自	I
形	I
板	I
状	E
，	S
具	S
黝	B
帘	I
石	I
化	E
，	S
具	S
净	B
边	I
结	I
构	E
，	S
环	B
状	I
构	I
造	E
，	S
A	B
n	I
=	I
2	I
5	E
，	S
属	S
更	B
长	I
石	E
，	S
粒	B
径	E
2	B
.	I
8	I
×	I
1	I
.	I
2	I
～	I
4	I
×	I
2	I
m	I
m	E
。	S


钾	B
长	I
石	E
:	S
属	S
条	B
纹	I
长	I
石	E
，	S
它	B
形	I
粒	I
状	E
，	S
粒	B
径	E
2	B
～	I
4	I
m	I
m	E
石	B
英	E
呈	S
他	B
形	I
粒	I
状	E
，	S
波	B
状	E
消	B
光	E
，	S
重	B
结	I
晶	E
明	B
显	E
，	S
粒	B
径	E
3	B
～	I
5	I
m	I
m	E
；	S
黑	B
云	I
母	E
呈	S
褐	B
色	E
，	S
鳞	B
片	I
状	E
，	S
最	B
大	E
片	B
径	E
2	B
m	I
m	E
；	S
白	B
云	I
母	E
：	S
交	B
代	E
黑	B
云	I
母	E
和	S
其	B
他	E
矿	B
物	E
形	B
成	E
，	S
粒	B
径	E
0	B
.	I
2	I
～	I
1	I
m	I
m	E
；	S
并	S
见	S
磷	B
灰	I
石	E
、	S
榍	B
石	E
、	S
绿	B
帘	I
石	E
、	S
锆	B
石	I
包	I
体	E
。	S


二	S
、	S
侏	B
罗	I
纪	E
中	B
世	I
古	I
阳	I
寨	I
花	I
岗	I
岩	I
类	E
。	S


古	B
阳	I
寨	I
花	I
岗	I
岩	I
类	E
在	S
1	B
:	I
5	I
万	I
向	I
坊	I
幅	E
中	S
划	B
分	E
为	S
洗	B
药	I
湖	I
序	I
列	E
，	S
以	S
结	B
构	I
演	I
化	E
为	S
特	B
征	E
，	S
划	B
分	E
为	S
三	B
个	E
岩	B
性	I
带	E
，	S
即	S
中	B
细	I
粒	I
二	I
长	I
花	I
岗	I
岩	E
（	S
雷	B
公	I
尖	E
）	S
，	S
中	B
细	I
粒	I
似	I
斑	I
状	I
黑	I
云	I
母	I
花	I
岗	I
岩	E
（	S
小	B
沙	I
田	E
）	S
，	S
细	B
粒	I
白	I
云	I
母	I
二	I
长	I
花	I
岗	I
岩	E
（	S
大	B
沙	I
田	E
）	S
。	S


三	B
岩	I
体	E
的	S
岩	B
性	E
均	S
为	S
二	B
长	I
花	I
岗	I
岩	E
，	S
属	S
一	B
期	I
结	I
构	E
。	S


岩	B
性	E
由	S
早	S
到	S
晚	S
，	S
石	B
英	E
增	B
多	E
，	S
斜	B
长	I
石	E
减	B
少	E
，	S
结	B
构	E
依	B
次	E
出	S
现	S
中	B
细	I
粒	I
花	I
岗	I
结	I
构	E
，	S
中	B
细	I
粒	I
似	I
斑	I
状	I
花	I
岗	I
结	I
构	E
和	S
细	B
粒	I
花	I
岗	I
结	I
构	E
。	S


在	S
南	B
昌	I
市	I
规	I
划	I
区	E
仅	S
出	B
露	E
少	B
量	E
小	B
沙	I
田	I
岩	I
体	I
—	E
中	B
细	I
粒	I
似	I
斑	I
状	I
黑	I
云	I
母	I
花	I
岗	I
岩	E
。	S


现	S
简	B
介	E
如	S
下	S
:	S
1	S
、	S
中	B
细	I
粒	I
二	I
长	I
花	I
岗	I
岩	E
(	S
η	B
γ	I
J	I
2	I
1	I
-	I
1	E
)	S
中	B
细	I
粒	I
二	I
长	I
花	I
岗	I
岩	E
主	B
要	E
雷	B
公	I
尖	E
(	S
雷	B
公	I
尖	I
地	I
名	E
，	S
位	B
于	E
向	B
坊	I
幅	E
内	S
)	S
岩	B
体	E
组	B
成	E
。	S


出	B
露	E
于	S
规	B
划	I
区	E
西	B
部	E
的	S
梅	B
岭	I
村	E
—	B
九	I
溪	I
一	I
带	E
。	S


在	S
本	S
规	B
划	I
区	E
内	S
出	B
露	E
面	B
积	E
2	B
.	I
7	I
8	I
k	I
m	I
2	E
，	S
约	S
占	S
规	B
划	I
区	E
总	B
面	I
积	E
的	S
0	B
.	I
0	I
2	I
％	E
。	S


其	S
岩	B
石	I
类	I
型	E
为	S
中	B
细	I
粒	I
二	I
长	I
黑	I
云	I
花	I
岗	I
岩	E
，	S
呈	S
岩	B
瘤	I
状	E
产	B
出	E
，	S
椭	B
形	I
态	E
不	B
规	I
则	E
。	S


雷	B
公	I
尖	I
岩	I
体	E
岩	B
性	E
为	S
中	B
细	I
粒	I
黑	I
云	I
母	I
二	I
长	I
花	I
岗	I
岩	E
，	S
岩	B
石	E
呈	S
灰	B
白	I
色	E
，	S
风	B
化	E
后	S
浅	B
红	I
色	E
，	S
中	B
细	I
粒	I
结	I
构	E
，	S
块	B
状	I
构	I
造	E
。	S


其	S
中	S
斜	B
长	I
石	E
为	S
他	B
形	I
晶	E
或	S
半	B
自	I
行	I
板	I
状	E
，	S
具	S
泥	B
化	E
、	S
绢	B
云	I
母	I
化	E
、	S
黝	B
帘	I
石	I
化	E
、	S
A	B
n	I
=	I
4	E
。	S


粒	B
径	E
1	B
.	I
2	I
～	I
2	I
.	I
3	I
m	I
m	E
。	S


钾	B
长	I
石	E
为	S
它	B
形	I
粒	I
状	E
，	S
属	S
条	B
纹	I
长	I
石	E
，	S
粒	B
径	E
1	B
.	I
7	I
～	I
3	I
.	I
0	I
m	I
m	E
。	S


石	B
英	E
呈	S
它	B
形	I
粒	I
状	E
，	S
波	B
状	I
消	I
光	E
普	B
遍	E
，	S
具	S
重	B
结	I
晶	I
现	I
象	E
，	S
粒	B
径	E
2	B
.	I
4	I
～	I
3	I
.	I
2	I
m	I
m	E
。	S


黑	B
云	I
母	E
呈	S
片	B
状	E
，	S
具	S
绿	B
泥	I
石	I
化	E
，	S
白	B
云	I
母	E
多	S
充	B
填	E
于	S
岩	B
石	I
裂	I
隙	E
中	S
。	S


2	S
、	S
似	B
斑	I
状	I
黑	I
母	I
二	I
长	I
花	I
岗	I
岩	E
(	S
η	B
γ	I
J	I
2	I
1	I
-	I
2	E
)	S
二	B
长	I
花	I
岗	I
岩	E
主	B
要	E
小	B
沙	I
田	E
(	S
小	B
沙	I
田	I
地	I
名	E
，	S
位	B
于	E
向	B
坊	I
幅	I
内	E
)	S
岩	B
体	E
组	B
成	E
。	S


出	B
露	E
于	S
规	B
划	I
区	E
西	B
部	E
的	S
梅	B
岭	I
村	E
—	B
九	I
溪	I
一	I
带	E
。	S


在	S
本	S
规	B
划	I
区	E
内	S
出	B
露	E
面	B
积	E
0	B
.	I
1	I
2	I
k	I
m	I
2	E
，	S
约	S
占	S
规	B
划	I
区	E
总	B
面	I
积	E
的	S
0	B
.	I
0	I
2	I
％	E
。	S


其	S
岩	B
石	I
类	I
型	E
为	S
中	B
细	I
粒	I
似	I
斑	I
状	I
黑	I
云	I
花	I
岗	I
岩	E
，	S
呈	S
岩	B
瘤	I
状	E
产	B
出	E
，	S
椭	B
圆	I
长	I
轴	E
多	S
为	S
北	B
东	I
向	E
。	S


该	S
岩	B
体	E
侵	B
入	I
九	I
岭	I
花	I
岗	I
岩	I
岩	I
类	I
—	I
牛	I
岭	I
岩	I
体	E
(	S
γ	B
δ	I
P	I
t	I
3	I
1	I
b	I
～	I
2	E
)	S
，	S
超	B
动	I
侵	I
入	I
接	I
触	I
关	I
系	E
十	B
分	E
清	B
楚	E
，	S
接	B
触	I
面	E
均	S
外	B
倾	E
，	S
倾	B
角	E
7	B
0	I
～	I
8	I
0	I
°	E
。	S


接	B
触	I
界	I
面	E
内	B
侧	E
普	B
遍	E
见	S
有	S
十	B
至	I
几	I
十	I
厘	I
米	E
宽	S
的	S
细	B
粒	I
边	E
，	S
接	B
触	I
带	E
内	S
长	S
见	S
九	B
岭	I
花	I
岗	I
岩	I
类	I
—	I
中	I
细	I
粒	I
含	I
斑	I
黑	I
云	I
母	I
花	I
岗	I
闪	I
长	I
岩	E
(	S
γ	B
δ	I
P	I
t	I
3	I
1	I
b	I
～	I
2	E
)	S
的	S
捕	B
虏	I
体	E
。	S


小	B
沙	I
田	I
岩	I
体	E
岩	B
性	E
为	S
中	B
细	I
粒	I
似	I
斑	I
状	I
黑	I
云	I
花	I
岗	I
闪	I
长	I
岩	E
，	S
岩	B
石	E
呈	S
浅	B
灰	I
色	E
，	S
风	B
化	E
后	S
呈	S
灰	B
褐	I
色	E
，	S
中	B
细	I
粒	I
似	I
斑	I
状	I
结	I
构	E
，	S
块	B
状	I
构	I
造	E
。	S


斑	B
晶	E
含	B
量	E
1	B
0	I
～	I
2	I
0	I
%	E
，	S
为	S
钾	B
长	I
石	E
和	S
斜	B
长	I
石	E
，	S
大	B
小	E
一	B
般	E
在	S
4	B
.	I
9	I
×	I
2	I
.	I
5	I
～	I
7	I
×	I
4	I
m	I
m	E
，	S
钾	B
长	I
石	I
斑	I
晶	E
为	S
板	B
状	E
，	S
其	B
中	E
嵌	B
生	E
了	S
斜	B
长	I
石	I
条	I
纹	E
；	S
斜	B
长	I
石	I
斑	I
晶	E
半	B
自	I
形	I
板	I
状	E
，	S
边	B
缘	E
具	S
净	B
边	E
，	S
内	B
部	E
见	S
有	S
基	B
质	I
成	I
份	E
的	S
包	B
体	E
，	S
A	B
n	I
=	I
9	E
，	S
属	S
钠	B
长	I
石	E
。	S


基	B
质	E
由	S
石	B
英	E
、	S
长	B
石	E
、	S
黑	B
云	I
母	E
组	B
成	E
，	S
粒	B
径	E
1	B
～	I
1	I
.	I
5	I
m	I
m	E
，	S
石	B
英	E
呈	S
它	B
形	I
粒	I
状	E
，	S
具	S
波	B
状	I
消	I
光	E
。	S


副	B
矿	I
物	E
以	S
磁	B
铁	I
矿	E
、	S
独	B
居	I
石	E
为	B
主	E
。	S


3	S
、	S
细	B
粒	I
白	I
云	I
母	I
二	I
长	I
花	I
岗	I
岩	E
(	S
η	B
γ	I
J	I
2	I
1	I
-	I
1	E
)	S
细	B
粒	I
白	I
云	I
母	I
二	I
长	I
花	I
岗	I
岩	E
主	B
要	E
大	B
沙	I
田	E
(	S
大	B
沙	I
田	I
地	I
名	E
，	S
位	B
于	E
向	B
坊	I
幅	E
内	S
)	S
岩	B
体	E
组	B
成	E
。	S


出	B
露	E
于	S
规	B
划	I
区	E
西	B
部	E
的	S
梅	B
岭	I
村	E
—	B
九	I
溪	I
一	I
带	E
。	S


在	S
本	S
规	B
划	I
区	E
内	S
出	B
露	E
面	B
积	E
1	B
0	I
.	I
0	I
2	I
k	I
m	I
2	E
，	S
约	S
占	S
规	B
划	I
区	E
总	B
面	I
积	E
的	S
0	B
.	I
7	I
2	I
％	E
。	S


其	S
岩	B
石	I
类	I
型	E
为	S
中	B
细	I
粒	I
白	I
云	I
母	I
二	I
长	I
黑	I
云	I
花	I
岗	I
岩	E
，	S
它	S
呈	S
不	B
规	I
则	I
长	I
条	I
状	E
呈	S
北	B
东	I
向	E
分	B
布	E
，	S
与	S
北	B
东	I
向	I
断	I
裂	E
走	B
向	E
基	B
本	E
一	B
致	E
。	S


侵	B
入	E
小	B
沙	I
田	I
岩	I
体	E
，	S
见	S
有	S
非	B
常	E
窄	S
的	S
冷	B
凝	I
边	E
。	S


大	B
沙	I
田	I
岩	I
体	E
岩	B
性	E
为	S
中	B
细	I
粒	I
白	I
云	I
母	I
二	I
长	I
花	I
岗	I
岩	E
，	S
岩	B
石	E
呈	S
灰	B
白	I
色	E
，	S
细	B
粒	I
结	I
构	E
，	S
块	B
状	I
构	I
造	E
。	S


矿	B
物	I
粒	I
径	E
1	B
～	I
2	I
m	I
m	E
，	S
其	B
中	E
的	S
斜	B
长	I
石	E
为	S
半	B
自	I
行	I
板	I
状	E
，	S
具	S
泥	B
化	E
和	S
绢	B
云	I
母	I
化	E
，	S
A	B
n	I
=	I
6	E
，	S
属	S
钠	B
长	I
石	E
。	S


钾	B
长	I
石	E
为	S
它	B
形	I
粒	I
状	E
，	S
属	S
条	B
纹	I
长	I
石	E
，	S
白	B
云	I
母	E
呈	S
片	B
状	E
。	S


三	S
、	S
白	B
垩	I
纪	I
早	I
世	I
团	I
山	I
花	I
岗	I
岩	I
类	E
。	S


出	B
露	E
于	S
规	B
划	I
区	E
梅	B
岭	I
村	E
以	B
西	E
一	B
带	E
。	S


在	S
本	S
规	B
划	I
区	E
内	S
出	B
露	E
面	B
积	E
0	B
.	I
2	I
2	I
k	I
m	I
2	E
，	S
约	S
占	S
规	B
划	I
区	E
总	B
面	I
积	E
的	S
0	B
.	I
0	I
5	I
％	E
。	S


超	B
动	I
侵	I
入	E
于	S
小	B
沙	I
田	I
岩	I
体	E
中	S
，	S
接	B
触	I
界	I
线	E
清	B
楚	E
，	S
接	B
触	I
界	I
面	E
较	S
规	B
则	E
，	S
接	B
触	I
面	E
内	B
侧	E
见	S
宽	B
约	I
2	I
0	I
c	I
m	E
的	S
细	B
粒	I
化	I
带	E
；	S
接	B
触	I
面	E
外	B
侧	E
见	S
钾	B
长	I
石	I
斑	I
晶	E
略	S
具	S
定	B
向	I
性	E
，	S
其	S
排	B
列	E
方	B
向	E
与	S
接	B
触	I
面	E
呈	S
小	B
角	I
度	E
相	B
交	E
。	S


团	B
山	I
岩	I
体	E
岩	B
性	E
为	S
中	B
细	I
粒	I
似	I
斑	I
状	I
钾	I
长	I
石	I
花	I
岗	I
岩	E
，	S
岩	B
石	E
为	S
浅	B
肉	I
红	I
色	E
，	S
似	B
斑	I
状	I
结	I
构	E
，	S
块	B
状	I
构	I
造	E
，	S
斑	B
晶	E
含	B
量	E
5	B
%	E
，	S
为	S
钾	B
长	I
石	E
，	S
大	B
小	E
6	B
.	I
5	I
×	I
3	I
m	I
m	E
。	S


基	B
质	E
中	S
石	B
英	I
3	I
0	I
%	I
±	E
，	S
钾	B
长	I
石	E
5	B
5	I
%	I
±	E
，	S
斜	B
长	I
石	E
1	B
5	I
%	I
±	E
，	S
白	B
云	I
母	I
微	I
量	E
，	S
粒	B
径	E
1	B
～	I
2	I
.	I
5	I
m	I
m	E
，	S
基	B
质	E
中	S
钾	B
长	I
石	E
为	S
条	B
纹	I
长	I
石	E
。	S


斜	B
长	I
石	I
具	I
绢	I
云	I
母	I
化	E
。	S


副	B
矿	I
物	E
为	S
独	B
居	I
石	E
、	S
磷	B
钇	I
矿	E
、	S
磁	B
铁	I
矿	E
。	S


四	S
、	S
基	B
性	I
～	I
超	I
基	I
性	I
岩	I
类	E
。	S


基	B
性	I
～	I
超	I
基	I
性	I
岩	E
分	B
布	E
于	S
南	B
昌	I
市	I
区	E
北	B
侧	E
的	S
乌	B
沙	I
脑	E
及	S
乐	B
化	E
等	S
地	S
。	S


沿	S
区	B
域	I
性	E
北	B
东	I
向	E
断	B
裂	I
带	E
呈	S
岩	B
墙	I
状	E
侵	B
入	E
。	S


围	B
岩	E
为	S
青	B
白	I
口	I
纪	E
牛	B
头	I
岭	I
组	E
。	S


蚀	B
变	E
微	B
弱	E
，	S
仅	S
见	S
有	S
绿	B
泥	I
石	I
化	E
和	S
绢	B
云	I
母	I
化	E
。	S


现	S
将	S
乌	B
沙	I
脑	E
和	S
乐	B
化	E
两	B
个	E
主	B
要	E
岩	B
体	E
的	S
基	B
本	E
特	B
征	E
，	S
分	B
别	E
叙	B
述	E
如	S
下	S
：	S
1	S
、	S
马	B
石	I
垴	I
辉	I
长	I
岩	E
(	S
ν	S
)	S
位	B
于	E
新	B
建	I
县	E
北	B
西	E
5	B
k	I
m	E
之	S
马	B
石	I
垴	E
。	S


呈	S
岩	B
墙	I
状	E
沿	S
断	B
裂	E
侵	B
入	E
，	S
岩	B
墙	I
总	E
的	S
倾	B
向	E
北	B
西	E
，	S
接	B
触	I
面	E
倾	B
角	E
8	B
0	I
°	I
左	I
右	E
，	S
主	B
要	E
岩	B
性	E
为	S
辉	B
长	I
岩	E
，	S
部	B
分	E
为	S
角	B
闪	I
辉	I
长	I
岩	E
.	S
矿	B
物	I
成	I
分	E
(	S
％	S
)	S
：	S
基	B
性	I
斜	I
长	I
石	E
5	B
0	I
～	I
7	I
0	E
，	S
角	B
闪	I
石	E
1	B
5	I
～	I
4	I
5	E
。	S


榍	B
石	E
4	B
～	I
5	E
，	S
磁	B
黄	I
铁	I
矿	E
0	B
～	I
1	E
，	S
石	B
英	E
少	B
量	E
，	S
磁	B
铁	I
矿	E
、	S
钛	B
铁	I
矿	E
少	B
量	E
。	S


岩	B
石	E
呈	S
灰	B
绿	I
～	I
果	I
绿	I
色	E
，	S
具	S
辉	B
长	I
～	I
嵌	I
晶	E
含	B
长	I
结	I
构	E
或	S
残	B
余	I
辉	I
长	I
结	I
构	E
及	S
粒	B
柱	I
状	I
变	I
晶	I
结	I
构	E
，	S
块	B
状	I
构	I
造	E
。	S


大	B
都	E
遭	B
受	E
不	B
同	E
程	B
度	E
的	S
钠	B
长	I
石	I
化	E
，	S
绿	B
帘	I
石	I
化	E
或	S
阳	B
起	I
石	I
化	E
。	S


该	S
辉	B
长	I
岩	I
体	E
节	B
理	E
较	S
少	S
，	S
块	B
度	E
较	S
大	S
，	S
成	B
荒	I
率	E
较	S
高	S
，	S
是	S
良	B
好	E
的	S
饰	B
面	I
石	I
料	E
。	S


2	S
、	S
乐	B
化	I
辉	I
长	I
辉	I
绿	I
(	I
玢	I
)	I
岩	E
(	S
σ	B
β	I
μ	I
k	I
1	E
)	S
位	B
于	E
新	B
建	I
县	E
北	B
北	E
东	B
1	I
6	I
k	I
m	E
之	S
乐	B
化	I
-	I
李	I
家	I
边	I
一	I
带	E
，	S
沿	S
北	B
东	I
向	E
断	B
裂	I
带	E
呈	S
岩	B
墙	I
状	I
断	I
续	E
出	B
露	E
，	S
长	B
约	E
7	B
k	I
m	E
，	S
宽	B
约	E
2	B
0	I
0	I
～	I
4	I
0	I
0	I
m	E
不	B
等	E
。	S


岩	B
体	E
边	B
缘	E
矿	B
物	I
颗	I
粒	E
相	B
对	E
较	S
细	S
、	S
颜	B
色	E
较	S
深	S
，	S
斜	B
长	I
石	I
斑	I
晶	E
含	B
量	E
较	S
少	S
(	S
一	B
般	E
约	S
5	B
～	I
1	I
0	I
％	E
)	S
，	S
出	B
露	E
宽	B
约	E
数	B
米	E
，	S
局	B
部	E
达	S
十	B
余	I
米	E
；	S
往	B
内	I
部	E
矿	B
物	I
颗	I
粒	E
相	B
对	E
变	B
粗	E
，	S
以	S
细	B
～	I
中	I
细	I
粒	I
结	I
构	E
为	B
主	E
，	S
斜	B
长	I
石	I
斑	I
晶	E
较	S
多	S
，	S
一	B
般	E
为	S
1	B
0	I
％	E
左	B
右	E
，	S
局	B
部	E
可	S
增	S
至	S
2	B
5	I
％	E
左	B
右	E
。	S


图	B
3	I
-	I
8	I
D	I
1	I
9	I
1	I
0	I
2	I
6	I
-	I
Z	I
P	I
1	I
辉	I
长	I
辉	I
绿	I
(	E
玢	B
)	I
岩	E
图	B
3	I
-	I
9	I
D	I
1	I
9	I
1	I
0	I
2	I
4	I
-	I
Z	I
P	I
1	I
块	I
状	I
辉	I
长	I
辉	I
绿	I
(	E
玢	B
)	I
岩	E
。	S


镜	B
头	I
方	I
向	E
2	B
2	I
0	I
°	E
镜	B
头	I
方	I
向	E
2	B
2	I
0	I
°	E
岩	B
石	I
矿	I
物	E
以	S
斜	B
长	I
石	E
及	S
辉	B
石	E
为	B
主	E
，	S
其	B
中	E
斜	B
长	I
石	E
(	S
A	B
n	I
5	I
2	I
～	I
5	I
3	E
)	S
约	S
5	B
0	I
～	I
6	I
0	I
％	E
，	S
辉	B
石	E
约	S
4	B
0	I
～	I
5	I
0	I
％	E
。	S


副	B
矿	I
物	E
主	B
要	E
为	S
钛	B
铁	I
矿	E
及	S
白	B
钛	I
矿	E
。	S


具	S
辉	B
长	I
辉	I
绿	I
结	I
构	E
和	S
块	B
状	I
构	I
造	E
。	S


长	B
石	E
多	S
已	S
蚀	B
变	E
为	S
绿	B
帘	I
石	E
、	S
黝	B
帘	I
石	E
、	S
葡	B
萄	I
石	E
，	S
辉	B
石	E
几	B
乎	E
全	B
部	E
已	S
纤	B
闪	I
石	I
化	E
。	S


五	S
、	S
脉	B
岩	I
类	E
。	S


工	B
作	I
区	I
脉	I
岩	E
较	B
为	E
发	B
育	E
，	S
多	S
以	S
酸	B
性	I
花	I
岗	I
岩	I
脉	E
为	B
主	E
，	S
出	B
露	E
面	B
积	E
约	S
3	B
.	I
5	I
2	I
k	I
m	I
2	E
，	S
占	S
工	B
作	I
区	E
总	B
面	I
积	E
的	S
0	B
.	I
2	I
9	I
%	E
，	S
占	S
全	B
区	E
岩	B
浆	I
岩	E
面	B
积	E
的	S
0	B
.	I
9	I
8	I
%	E
。	S


区	B
内	E
岩	B
脉	E
按	S
侵	B
入	I
机	I
制	E
可	S
分	S
与	S
构	B
造	I
有	I
关	E
和	S
岩	B
浆	I
侵	I
位	E
有	B
关	E
两	B
大	I
类	E
，	S
构	B
造	I
有	I
关	E
细	B
分	E
为	S
褶	B
皱	I
构	I
造	E
、	S
断	B
裂	I
构	I
造	E
；	S
与	S
岩	B
浆	I
侵	I
位	E
有	B
关	E
可	S
细	B
分	E
早	B
期	I
诱	I
导	I
性	I
岩	I
脉	E
和	S
后	B
期	I
继	I
承	I
性	I
岩	I
脉	E
。	S


岩	B
性	E
多	S
以	S
中	B
基	I
性	E
的	S
辉	B
长	I
辉	I
绿	I
岩	E
、	S
闪	B
长	I
玢	I
岩	I
脉	E
和	S
石	B
英	I
脉	E
为	B
主	E
。	S


2	S
、	S
岩	B
浆	I
侵	I
位	E
有	B
关	E
的	S
岩	B
脉	I
工	I
作	I
区	I
脉	I
岩	E
多	S
与	S
岩	B
浆	I
侵	I
位	I
作	I
用	E
有	B
关	E
，	S
按	S
岩	B
脉	E
与	S
主	B
体	I
岩	I
性	I
侵	I
位	E
的	S
先	B
后	E
关	B
系	E
，	S
分	S
为	S
早	B
期	I
诱	I
导	I
性	I
岩	I
脉	E
和	S
后	B
期	E
继	B
承	I
性	I
岩	I
脉	E
。	S


从	S
规	B
模	E
与	S
数	B
量	E
上	S
来	S
说	S
，	S
工	B
作	I
区	E
以	S
继	B
承	I
性	I
脉	I
岩	E
为	B
主	E
。	S


（	S
1	S
）	S
地	B
质	I
特	I
征	E
工	B
作	I
区	I
脉	I
岩	E
较	B
为	E
发	B
育	E
，	S
全	B
区	E
分	B
布	E
不	S
均	B
匀	E
，	S
宽	B
度	E
大	B
小	E
数	B
厘	I
米	E
至	S
近	B
十	I
米	E
不	B
等	E
多	B
成	E
脉	B
状	E
、	S
透	B
镜	I
状	E
，	S
大	S
者	S
甚	B
至	E
呈	S
岩	B
墙	I
状	E
。	S


侵	B
入	E
于	S
变	B
质	I
地	I
层	E
和	S
早	B
期	I
岩	I
体	E
中	S
，	S
接	B
触	I
面	E
一	B
般	E
平	B
直	E
，	S
为	S
突	B
变	I
界	I
线	E
，	S
少	B
数	E
交	B
代	E
为	S
渐	B
变	I
界	I
线	E
，	S
可	S
见	S
锯	B
齿	I
状	E
、	S
舒	B
缓	I
波	I
状	E
。	S


产	B
状	E
多	B
数	E
较	S
陡	S
，	S
偶	B
见	E
围	B
岩	I
蚀	I
变	I
现	I
象	E
，	S
如	S
绢	B
云	I
母	I
化	E
、	S
绿	B
泥	I
石	I
化	E
、	S
白	B
云	I
母	I
化	E
等	S
。	S


（	S
2	S
）	S
岩	B
石	I
学	E
特	B
征	E
后	B
期	E
继	B
承	I
性	E
岩	B
脉	E
多	S
发	B
育	E
在	S
各	S
岩	B
体	E
的	S
内	B
部	E
，	S
少	B
部	I
分	E
侵	B
入	E
于	S
围	B
岩	E
中	S
，	S
常	S
成	B
群	E
分	B
布	E
，	S
其	S
岩	B
性	E
与	S
各	S
岩	B
体	E
的	S
岩	B
性	E
相	B
似	E
或	S
相	B
近	E
，	S
主	B
要	E
是	S
一	B
些	E
酸	B
性	I
脉	I
岩	E
。	S


工	B
作	I
区	I
脉	I
岩	E
岩	B
性	E
有	S
辉	B
长	I
石	I
英	I
脉	E
、	S
伟	B
晶	I
岩	I
脉	E
、	S
花	B
岗	I
斑	I
岩	E
、	S
细	B
粒	I
花	I
岗	I
岩	E
等	S
3	B
种	E
。	S


①	S
石	B
英	I
脉	I
半	I
自	I
形	I
柱	I
粒	I
状	I
变	I
晶	I
结	I
构	E
，	S
块	B
状	I
构	I
造	E
。	S


其	B
中	E
硅	B
化	I
石	I
英	I
9	I
5	I
%	E
，	S
绢	B
云	I
母	I
5	I
%	E
。	S


岩	B
石	E
中	S
的	S
矿	B
物	E
主	B
要	E
为	S
硅	B
化	I
石	I
英	E
组	B
成	E
，	S
且	S
为	S
多	B
期	I
硅	I
化	I
作	I
用	E
形	B
成	E
。	S


硅	B
化	I
石	I
英	E
呈	S
镶	B
嵌	I
粒	I
状	E
，	S
半	B
自	I
形	I
板	I
条	I
状	E
，	S
部	B
分	E
呈	S
微	B
粒	I
状	E
，	S
粒	B
径	E
大	B
小	E
不	B
一	E
，	S
且	S
分	B
布	E
不	S
均	B
匀	E
，	S
粒	B
径	E
0	B
.	I
0	I
3	I
～	I
1	I
.	I
5	I
m	I
m	E
，	S
呈	S
半	B
自	I
形	I
柱	I
粒	I
状	E
变	B
晶	I
结	I
构	E
。	S


另	S
有	S
绢	B
云	I
母	E
呈	S
显	B
微	I
鳞	I
片	I
状	I
集	I
合	I
体	E
充	B
填	I
裂	I
隙	I
分	I
布	E
。	S


②	S
伟	B
晶	I
岩	I
脉	I
伟	I
晶	I
结	I
构	E
，	S
块	B
状	I
构	I
造	E
。	S


钾	B
长	I
石	E
5	B
0	I
%	E
；	S
斜	B
长	I
石	E
5	B
9	I
%	E
；	S
石	B
英	I
4	I
8	I
%	E
；	S
黑	B
云	I
母	I
1	I
%	E
；	S
磁	B
铁	I
矿	E
微	B
量	E
；	S
斜	B
长	I
石	E
2	B
%	E
；	S
石	B
英	I
脉	E
（	S
2	B
%	E
）	S
。	S


③	S
细	B
粒	I
花	I
岗	I
岩	E
细	B
粒	I
似	I
斑	I
状	I
花	I
岗	I
结	I
构	E
，	S
块	B
状	I
构	I
造	E
。	S


斑	B
晶	E
：	S
斜	B
长	I
石	E
3	B
%	E
，	S
基	B
质	E
：	S
斜	B
长	I
石	E
2	B
0	I
%	E
；	S
钾	B
长	I
石	E
5	B
2	I
%	E
；	S
石	B
英	E
2	B
3	I
%	E
；	S
黑	B
云	I
母	I
2	I
%	E
，	S
锆	B
石	E
少	B
量	E
。	S


第	B
四	I
节	E
，	S
区	B
域	I
变	I
质	I
岩	E
。	S


一	S
、	S
区	B
域	I
变	I
质	I
岩	E
。	S


岩	B
石	I
类	I
型	E
主	B
要	E
有	S
：	S
绢	B
云	I
母	I
千	I
枚	I
岩	E
、	S
粉	B
砂	I
质	I
绢	I
云	I
母	I
千	I
枚	I
岩	E
。	S


矿	B
物	I
组	I
合	E
主	B
要	E
为	S
绢	B
云	I
母	I
—	I
石	I
英	I
—	I
白	I
云	I
母	E
，	S
绢	B
云	I
母	I
—	I
石	I
英	I
—	I
黑	I
云	I
母	E
。	S


其	S
中	S
，	S
绢	B
云	I
母	E
为	S
主	B
要	E
成	B
分	E
，	S
含	B
量	E
多	S
在	S
5	B
0	I
～	I
9	I
0	I
%	E
左	B
右	E
。	S


次	S
为	S
石	B
英	E
，	S
含	B
量	E
5	B
-	I
5	I
0	I
%	E
，	S
一	B
般	E
为	S
5	B
～	I
2	I
5	I
%	E
。	S


岩	B
石	E
中	S
普	B
遍	E
具	S
显	B
微	I
鳞	I
片	I
变	I
晶	I
结	I
构	E
，	S
千	B
枚	I
状	I
构	I
造	E
。	S


其	S
矿	B
物	I
组	I
合	E
为	S
：	S
（	S
1	S
）	S
石	B
英	I
+	E
绢	B
云	I
母	E
+	S
（	S
白	B
云	I
母	E
）	S
（	S
2	S
）	S
石	B
英	I
+	I
绿	I
泥	I
石	E
+	S
绢	B
云	I
母	E
+	S
（	S
白	B
云	I
母	E
）	S
据	S
其	S
矿	B
物	I
组	I
合	E
特	B
征	E
，	S
工	B
作	I
区	E
的	S
区	B
域	I
变	I
质	I
岩	I
相	E
属	S
低	B
绿	I
片	I
岩	I
相	E
。	S


二	S
、	S
接	B
触	I
变	I
质	I
岩	E
。	S


工	B
区	E
内	S
接	B
触	I
变	I
质	I
岩	E
不	S
发	B
育	E
，	S
在	S
坪	B
上	I
熊	I
家	I
—	I
老	I
鹰	I
脑	I
—	I
汪	I
家	I
山	I
一	I
带	E
，	S
出	B
露	E
宽	B
度	E
约	S
数	B
米	E
，	S
呈	S
断	B
续	E
的	S
带	B
状	E
沿	S
九	B
岭	I
花	I
岗	I
闪	I
长	I
岩	E
延	B
伸	E
，	S
延	B
伸	E
长	S
约	S
3	B
0	I
0	I
0	I
m	E
。	S


接	B
触	I
变	I
质	I
岩	E
按	S
矿	B
物	E
成	B
分	E
、	S
结	B
构	E
、	S
构	B
造	E
的	S
差	B
异	E
可	S
分	S
为	S
斑	B
点	I
砂	I
质	I
绢	I
云	I
母	I
千	I
枚	I
岩	E
、	S
二	B
云	I
母	I
石	I
英	I
角	I
岩	E
。	S


其	S
代	B
表	I
性	E
接	B
触	I
变	I
质	I
矿	I
物	I
平	I
衡	I
组	I
合	E
如	S
下	S
：	S
（	S
1	S
）	S
石	B
英	I
+	I
黑	I
云	I
母	E
+	S
绢	B
云	I
母	E
（	S
2	S
）	S
石	B
英	I
+	I
黑	I
云	I
母	I
+	E
白	B
云	I
母	I
属	E
红	B
柱	I
石	E
（	S
极	B
低	I
压	I
接	I
触	I
变	I
质	I
作	I
用	E
）	S
钠	B
长	I
石	I
—	I
绿	I
帘	I
石	I
角	I
岩	I
相	E
，	S
形	B
成	E
压	B
力	E
为	S
0	B
.	I
3	I
G	I
P	I
a	I
±	E
，	S
温	B
度	E
3	B
5	I
0	I
℃	I
±	E
。	S


三	S
、	S
边	B
缘	I
混	I
合	I
岩	E
。	S


主	B
要	E
分	B
布	E
在	S
张	B
家	I
—	I
三	I
甲	I
—	I
小	I
汪	I
家	E
一	B
带	E
。	S


根	B
据	E
混	B
合	I
岩	E
分	B
布	E
的	S
地	B
质	E
背	B
景	E
和	S
产	B
出	E
特	B
征	E
，	S
结	B
合	I
岩	I
相	I
学	E
、	S
前	B
人	E
做	S
的	S
岩	B
石	I
化	I
学	E
以	S
及	S
同	B
位	I
素	I
地	I
球	I
化	I
学	E
等	S
现	B
有	E
研	B
究	E
成	B
果	E
，	S
混	B
合	I
岩	I
化	I
作	I
用	E
呈	B
现	E
出	S
与	S
加	B
里	I
东	I
期	I
造	I
山	E
的	S
深	B
层	I
热	I
事	I
件	E
紧	B
密	E
联	B
系	E
，	S
是	S
同	B
期	I
变	I
质	I
事	I
件	E
的	S
产	B
物	E
之	B
一	E
。	S


石	B
英	E
、	S
长	B
英	I
质	E
的	S
浅	B
色	I
脉	I
体	E
是	S
岩	B
石	I
变	I
质	I
作	I
用	E
发	B
生	E
时	S
的	S
去	B
水	I
反	I
应	E
，	S
形	B
成	E
一	B
类	E
具	S
交	B
代	I
作	I
用	E
的	S
H	B
2	I
O	I
溶	I
液	E
，	S
开	B
始	E
出	B
现	E
于	S
活	B
动	I
元	I
素	E
有	B
关	E
的	S
石	B
英	E
、	S
长	B
石	I
脉	I
体	E
及	S
混	B
合	I
岩	I
化	I
带	E
。	S


随	B
着	E
温	B
度	E
进	B
一	I
步	E
升	B
高	E
，	S
推	B
断	E
此	B
时	E
有	S
花	B
岗	I
岩	I
浆	E
出	B
现	E
，	S
在	S
晋	B
宁	I
期	I
造	I
山	I
带	I
深	I
部	E
形	B
成	E
（	S
近	S
）	S
原	B
地	I
侵	I
入	I
-	I
交	I
代	I
型	I
变	I
形	I
花	I
岗	I
岩	E
发	B
生	E
了	S
较	B
强	E
的	S
边	B
缘	I
混	I
合	I
岩	I
化	E
和	S
递	B
进	I
变	I
质	I
作	I
用	E
。	S


细	B
晶	I
岩	E
、	S
花	B
岗	I
伟	I
晶	I
岩	I
脉	E
应	B
该	E
是	S
岩	B
浆	I
期	E
后	S
热	B
液	E
。	S


边	B
缘	I
混	I
合	I
岩	E
（	S
化	B
）	I
岩	I
石	E
主	B
要	E
围	B
绕	E
晋	B
宁	I
期	E
（	S
青	B
白	I
口	I
世	E
）	S
岩	B
体	E
外	B
接	I
触	I
带	E
分	B
布	E
，	S
形	B
成	E
宽	B
约	E
数	B
十	I
米	I
-	I
千	I
余	I
米	E
的	S
混	B
合	I
岩	I
（	E
化	B
）	I
带	E
，	S
花	B
岗	I
质	I
岩	I
体	E
与	S
混	B
合	I
岩	I
化	I
岩	I
石	E
呈	S
侵	B
入	I
接	I
触	I
关	I
系	E
或	S
呈	S
渐	B
变	I
过	I
渡	I
关	I
系	E
。	S


常	B
见	E
的	S
岩	B
石	I
类	I
型	E
主	B
要	E
有	S
脉	B
体	E
成	B
分	E
小	B
于	E
1	B
5	I
%	E
的	S
混	B
合	I
岩	I
化	I
片	I
岩	E
和	S
混	B
合	I
岩	I
化	I
片	I
麻	I
岩	E
。	S


四	S
、	S
动	B
力	I
变	I
质	I
岩	E
。	S


区	B
内	E
动	B
力	I
变	I
质	I
岩	E
呈	S
线	B
状	E
或	S
带	B
状	E
分	B
布	E
于	S
脆	B
性	I
碎	I
裂	I
带	E
、	S
韧	B
性	I
剪	I
切	I
构	I
造	I
带	E
内	S
或	S
两	B
侧	E
，	S
按	S
其	S
变	B
形	I
变	I
质	I
特	I
征	E
可	S
划	B
分	E
脆	B
性	I
动	I
力	I
变	I
质	I
岩	E
和	S
韧	B
性	I
动	I
力	I
变	I
质	I
岩	E
两	B
大	I
类	E
。	S


区	B
内	E
主	B
要	E
为	S
韧	B
性	I
变	I
形	I
带	E
，	S
为	S
区	B
内	E
动	B
力	I
变	I
质	I
岩	E
主	B
体	E
。	S


1	S
、	S
韧	B
性	I
动	I
力	I
变	I
质	I
岩	I
区	E
内	S
的	S
韧	B
性	I
变	I
形	I
带	E
，	S
均	S
为	S
强	B
剪	I
切	I
应	I
变	I
带	E
。	S


带	B
内	E
岩	B
石	E
经	S
强	B
烈	E
的	S
塑	B
形	I
变	I
形	E
，	S
形	B
成	E
了	S
糜	B
棱	I
岩	I
系	I
动	I
力	I
变	I
质	I
岩	E
。	S


从	S
岩	B
石	I
变	I
形	E
的	S
微	B
观	E
特	B
点	E
来	S
看	S
，	S
动	B
力	I
变	I
质	I
岩	E
可	S
分	S
为	S
两	B
种	E
类	B
型	E
，	S
一	S
是	S
片	B
岩	I
类	E
；	S
而	S
是	S
糜	B
棱	I
岩	I
系	I
岩	I
石	I
类	E
。	S


前	B
者	E
为	S
糜	B
棱	I
岩	I
系	I
岩	I
石	E
在	S
剪	B
切	I
作	I
用	E
的	S
热	B
效	I
应	E
影	B
响	E
下	S
，	S
由	S
静	B
态	I
重	I
结	I
晶	I
作	I
用	E
而	B
成	E
；	S
后	S
者	S
最	S
显	B
著	E
的	S
特	B
点	E
是	S
岩	B
石	E
中	S
矿	B
物	E
发	B
生	E
强	B
烈	E
的	S
塑	B
形	I
流	I
变	E
，	S
而	S
产	B
生	E
流	B
动	I
构	I
造	E
。	S


（	S
1	S
）	S
糜	B
棱	I
岩	I
类	I
区	E
内	S
糜	B
棱	I
岩	I
类	E
有	S
四	B
种	E
岩	B
石	I
类	I
型	E
，	S
现	S
分	B
述	E
如	S
下	S
：	S
①	S
超	B
糜	I
棱	I
岩	E
：	S
岩	B
石	E
具	S
糜	B
棱	I
结	I
构	E
，	S
流	B
状	I
构	I
造	E
。	S


岩	B
石	E
中	S
碎	B
斑	E
含	B
量	E
小	B
于	E
1	B
0	I
%	E
，	S
以	S
长	B
石	I
碎	I
斑	E
为	B
主	E
，	S
大	B
小	E
在	S
1	B
.	I
0	I
×	I
0	I
.	I
5	I
～	I
1	I
.	I
7	I
×	I
1	I
.	I
2	I
毫	I
米	E
之	B
间	E
，	S
蚀	B
变	E
后	S
由	S
绢	B
云	I
母	E
和	S
粘	B
土	I
矿	I
物	E
组	B
成	E
的	S
集	B
合	I
体	E
取	B
代	E
。	S


碎	B
斑	E
普	B
遍	E
具	S
旋	B
转	I
现	I
象	E
，	S
且	S
具	S
结	B
晶	I
尾	E
。	S


基	B
质	E
中	S
石	B
英	E
和	S
片	B
状	I
矿	I
物	E
定	B
向	E
排	B
列	E
，	S
构	B
成	E
糜	B
棱	I
面	I
理	I
S	I
c	E
、	S
S	B
c	E
和	S
S	B
c	E
几	B
乎	E
平	B
行	E
。	S


石	B
英	E
具	S
拔	B
丝	I
构	I
造	E
和	S
核	B
幔	I
构	I
造	E
。	S


基	B
质	E
粒	B
度	E
0	B
.	I
0	I
1	I
～	I
0	I
.	I
0	I
2	I
毫	I
米	E
。	S


②	S
花	B
岗	I
质	I
糜	I
棱	I
岩	E
：	S
岩	B
石	E
具	S
糜	B
棱	I
结	I
构	E
，	S
流	B
状	I
构	I
造	E
。	S


基	B
质	E
粒	B
径	E
普	B
遍	E
小	B
于	E
0	B
.	I
5	I
毫	I
米	E
，	S
定	B
向	I
排	I
列	E
或	S
绕	B
碎	I
斑	I
弯	I
曲	I
定	I
向	I
排	I
列	E
。	S


③	S
花	B
岗	I
质	E
初	B
糜	I
棱	I
岩	E
：	S
岩	B
石	E
具	S
糜	B
棱	I
结	I
构	E
，	S
流	B
动	I
构	I
造	E
。	S


碎	B
斑	E
含	B
量	E
5	B
5	I
～	I
6	I
5	I
%	E
，	S
主	B
要	E
为	S
斜	B
长	I
石	E
、	S
石	B
英	E
和	S
少	B
量	E
黑	B
云	I
母	E
，	S
呈	S
眼	B
球	I
状	E
，	S
大	B
小	E
0	B
.	I
2	I
×	I
0	I
.	I
4	I
毫	I
米	E
～	B
1	I
×	I
4	I
毫	I
米	E
。	S


基	B
质	E
由	S
石	B
英	E
、	S
绢	B
云	I
母	E
、	S
白	B
云	I
母	E
、	S
黑	B
云	I
母	E
组	B
成	E
。	S


片	B
状	I
矿	I
物	E
定	B
向	E
排	B
列	E
，	S
组	B
成	E
糜	B
棱	I
面	I
理	E
。	S


④	S
糜	B
棱	I
岩	I
化	I
花	I
岗	I
岩	E
：	S
岩	B
石	E
具	S
糜	B
棱	I
结	I
构	E
，	S
片	B
麻	I
状	I
构	I
造	E
。	S


碎	B
斑	E
含	B
量	E
9	B
2	I
～	I
9	I
5	I
%	E
。	S


基	B
质	E
含	B
量	E
5	B
～	I
8	I
%	E
，	S
以	S
绢	B
云	I
母	E
、	S
白	B
云	I
母	E
和	S
黑	B
云	I
母	E
为	B
主	E
，	S
长	B
英	I
质	I
矿	I
物	E
少	B
量	E
，	S
呈	S
条	B
带	I
状	I
定	I
向	I
断	I
续	E
分	B
布	E
于	S
岩	B
石	E
中	S
，	S
构	B
成	E
S	B
c	I
面	I
理	E
。	S


糜	B
棱	I
岩	I
系	I
岩	I
石	E
为	S
低	B
绿	I
片	I
岩	I
相	I
条	I
件	E
下	S
韧	B
性	I
剪	I
切	I
作	I
用	E
的	S
产	B
物	E
。	S


（	S
2	S
）	S
构	B
造	I
片	I
岩	I
类	I
区	E
内	S
的	S
主	B
要	I
片	I
岩	I
类	I
型	E
有	S
白	B
云	I
母	I
微	I
晶	I
片	I
岩	E
、	S
二	B
云	I
母	I
微	I
晶	I
片	I
岩	E
、	S
云	B
母	I
石	I
英	I
片	I
岩	E
、	S
石	B
英	I
云	I
母	I
片	I
岩	E
。	S


各	B
类	I
片	I
岩	E
的	S
共	B
同	E
特	B
点	E
是	S
石	B
英	I
压	I
扁	I
拉	I
伸	E
呈	S
透	B
镜	I
状	E
、	S
扁	B
豆	I
状	E
或	S
条	B
带	I
状	E
，	S
大	B
小	E
在	S
0	B
.	I
0	I
2	I
×	I
0	I
.	I
0	I
1	I
～	I
0	I
.	I
1	I
6	I
×	I
0	I
.	I
0	I
2	I
毫	I
米	E
之	B
间	E
，	S
长	B
宽	I
比	E
为	S
2	B
:	I
1	I
～	I
8	I
:	I
1	E
，	S
具	S
定	B
向	I
排	I
列	E
，	S
长	B
轴	E
与	S
片	B
理	I
平	I
行	E
或	S
小	B
角	I
度	E
相	B
交	E
。	S


长	B
石	E
也	S
呈	S
压	B
扁	I
状	E
～	S
次	B
圆	I
状	E
。	S


片	B
状	I
矿	I
物	E
以	S
白	B
云	I
母	E
为	B
主	E
，	S
另	S
有	S
黑	B
云	I
母	E
和	S
绿	B
泥	I
石	E
，	S
它	B
们	E
定	B
向	E
排	B
列	E
，	S
组	B
成	E
片	B
理	E
。	S


宏	B
观	E
上	S
长	B
英	I
质	I
矿	I
物	E
与	S
片	B
状	I
矿	I
物	E
组	B
成	E
明	B
显	E
的	S
纹	B
带	E
或	S
条	B
带	I
状	I
构	I
造	E
，	S
纹	B
带	E
或	S
条	B
带	E
发	B
生	E
频	B
度	E
为	S
3	B
0	I
/	I
厘	I
米	E
，	S
显	B
示	E
了	S
重	B
结	I
晶	I
前	I
糜	I
棱	I
岩	E
时	B
期	E
的	S
动	B
力	E
特	B
征	E
，	S
有	B
时	E
可	B
见	E
片	B
状	I
矿	I
物	E
定	B
向	I
排	I
列	E
组	B
成	E
的	S
S	B
c	I
面	I
理	E
，	S
剪	B
切	I
作	I
用	E
形	B
成	E
的	S
石	B
英	I
条	I
带	E
组	B
成	E
S	B
c	I
面	I
理	E
。	S


S	B
c	E
与	S
S	B
c	I
面	I
理	E
呈	S
小	B
角	I
度	E
相	B
交	E
。	S


区	B
内	E
片	B
岩	E
为	S
低	B
角	I
闪	I
岩	I
相	I
条	I
件	E
下	S
的	S
糜	B
棱	I
岩	I
化	I
作	I
用	E
的	S
产	B
物	E
。	S


2	S
、	S
脆	B
性	I
动	I
力	I
变	I
质	I
岩	E
发	B
育	E
于	S
脆	B
性	I
断	I
裂	E
中	S
的	S
断	B
层	I
岩	E
系	B
列	E
，	S
主	B
要	E
由	S
初	B
碎	I
裂	I
岩	E
、	S
碎	B
裂	I
岩	E
、	S
超	B
碎	I
裂	I
岩	E
组	B
成	E
。	S


岩	B
石	E
多	S
具	S
粒	B
状	I
变	I
晶	I
结	I
构	E
，	S
略	S
具	S
千	B
枚	I
状	I
构	I
造	E
。	S


其	B
中	E
大	B
部	I
分	E
刚	B
性	I
产	I
物	E
已	S
压	B
碎	E
，	S
并	B
重	I
结	I
晶	E
为	S
镶	B
嵌	I
粒	I
状	E
。	S


它	B
们	E
除	S
具	S
变	B
形	E
外	S
，	S
常	S
伴	B
随	E
有	S
一	B
定	E
的	S
变	B
质	I
作	I
用	E
，	S
主	B
要	E
表	B
现	E
在	S
超	B
碎	I
裂	I
岩	E
的	S
基	B
质	E
多	S
已	S
蚀	B
变	E
为	S
绢	B
云	I
母	E
、	S
白	B
云	I
母	E
及	S
黝	B
帘	I
石	E
。	S


第	B
五	I
节	E
，	S
区	B
域	E
地	B
质	I
构	I
造	E
。	S


一	S
、	S
构	B
造	I
单	I
元	E
划	B
分	E
及	S
特	B
征	E
。	S


1	S
、	S
构	B
造	I
单	I
元	E
划	B
分	E
南	B
昌	I
市	I
规	I
划	I
区	E
在	S
区	B
域	E
上	S
，	S
位	B
于	E
Ⅱ	B
级	I
单	I
元	E
东	B
南	I
造	I
山	I
带	E
与	S
钦	B
杭	I
结	I
合	I
带	E
中	B
段	E
，	S
经	B
历	E
了	S
从	S
新	B
元	I
古	I
代	E
到	S
新	B
生	I
代	E
的	S
各	S
旋	B
回	I
构	I
造	I
运	I
动	E
，	S
地	B
质	I
构	I
造	E
极	B
为	E
复	B
杂	E
。	S


规	B
划	I
区	E
为	S
钦	B
杭	I
结	I
合	I
带	E
中	B
段	E
（	S
Ⅱ	B
级	I
单	I
元	E
）	S
～	S
宜	B
（	I
丰	I
）	I
德	I
（	I
兴	I
）	I
混	I
杂	I
叠	I
覆	I
带	E
（	S
Ⅲ	B
级	I
单	I
元	E
）	S
～	S
萍	B
乡	I
～	I
乐	I
平	I
坳	I
陷	E
（	S
Ⅳ	B
级	I
单	I
元	E
）	S
（	S
D	B
～	I
T	I
2	E
）	S
。	S


南	B
昌	I
市	I
规	I
划	I
区	E
构	B
造	I
单	I
元	E
可	S
划	B
分	E
萍	B
乡	I
～	I
乐	I
平	I
坳	I
陷	E
(	S
D	B
～	I
T	I
2	E
)	S
和	S
九	B
岭	I
隆	I
起	E
二	B
个	E
Ⅳ	B
级	I
单	I
元	E
及	S
与	S
上	B
叠	E
的	S
鄱	B
阳	I
盆	I
地	E
（	S
图	B
3	I
-	I
1	I
0	E
）	S
。	S


2	S
、	S
构	B
造	I
单	I
元	I
区	I
域	E
特	B
征	E
（	S
1	S
）	S
萍	B
乡	I
～	I
乐	I
平	I
坳	I
陷	I
区	E
内	S
记	B
录	I
基	I
底	I
混	I
杂	I
叠	I
覆	I
带	E
的	S
地	B
质	E
信	B
息	E
被	S
晚	B
古	I
生	I
代	I
萍	I
乡	I
～	I
乐	I
平	I
坳	I
陷	I
带	E
所	S
掩	B
埋	E
。	S


带	B
内	E
以	S
构	B
造	I
推	I
覆	E
、	S
岩	B
片	I
堆	I
叠	I
混	I
杂	E
并	S
以	S
发	B
育	I
蛇	I
绿	I
混	I
杂	I
岩	I
带	E
为	S
特	B
点	E
。	S


该	S
带	S
是	S
由	S
一	B
系	I
列	E
不	B
同	E
时	B
代	E
、	S
不	B
同	E
来	B
源	E
、	S
不	B
同	E
构	B
造	I
变	I
形	I
型	I
式	E
的	S
构	B
造	I
岩	I
片	I
堆	I
叠	E
而	B
成	E
的	S
构	B
造	I
混	I
杂	I
物	I
质	I
场	E
。	S


该	S
带	S
向	B
西	E
、	S
向	B
北	I
东	E
均	S
延	B
出	E
区	B
外	E
，	S
而	S
区	B
内	E
基	B
底	I
地	I
层	E
基	B
本	E
未	S
出	B
露	E
，	S
晚	B
古	I
生	I
代	I
地	I
层	E
与	S
早	B
古	I
生	I
代	I
变	I
质	I
基	I
底	E
呈	S
断	B
层	I
接	I
触	E
，	S
区	B
域	E
上	S
直	B
接	I
不	I
整	I
合	I
覆	I
盖	E
于	S
变	B
质	I
基	I
底	E
之	S
上	S
。	S


是	S
全	B
省	E
最	S
重	B
要	E
、	S
沉	B
积	I
厚	I
度	E
最	S
大	S
的	S
晚	B
古	I
代	E
以	S
来	S
的	S
沉	B
降	I
带	E
。	S


由	S
晚	B
古	I
生	I
代	I
～	E
中	B
三	I
叠	I
世	I
陆	I
表	I
海	I
海	I
陆	I
交	I
互	I
相	I
沉	I
积	I
盖	I
层	E
，	S
该	S
带	B
盖	I
层	I
变	I
形	E
主	B
要	E
发	B
生	E
于	S
印	B
支	E
、	S
燕	B
山	I
期	E
。	S


坳	B
陷	I
带	E
内	B
褶	I
皱	E
与	S
推	B
覆	I
滑	I
脱	I
构	I
造	E
发	B
育	E
，	S
总	B
体	E
为	S
向	B
北	I
滑	I
覆	E
特	B
征	E
，	S
呈	S
构	B
造	I
岩	I
片	I
形	I
态	E
产	B
出	E
。	S


图	B
3	I
-	I
1	I
0	E
南	B
昌	I
市	E
（	S
规	B
划	I
区	E
）	S
构	B
造	E
纲	B
要	I
图	E
。	S


（	S
2	S
）	S
九	B
岭	I
隆	I
起	E
九	B
岭	I
隆	I
起	E
处	B
于	E
江	B
南	I
地	I
块	E
东	B
段	E
，	S
隶	B
属	E
江	B
南	I
地	I
块	I
Ⅱ	I
级	I
构	I
造	I
单	I
元	E
，	S
南	B
侧	E
宜	B
丰	I
～	I
景	I
德	I
镇	I
断	I
裂	I
带	E
与	S
浙	B
赣	I
拗	I
陷	I
带	E
拼	B
接	E
，	S
中	B
部	E
为	S
鄱	B
阳	I
盆	I
地	E
所	S
占	B
据	E
。	S


其	S
主	B
体	E
构	B
造	E
呈	S
北	B
东	I
东	I
向	E
。	S


该	S
构	B
造	I
单	I
元	E
由	S
新	B
元	I
古	I
代	I
下	I
构	I
造	I
层	E
、	S
青	B
白	I
口	I
纪	E
上	B
构	I
造	I
层	E
及	S
南	B
华	I
纪	E
以	S
上	B
盖	I
层	E
组	B
成	E
，	S
属	S
变	B
形	I
变	I
质	E
较	B
弱	E
、	S
原	B
生	I
沉	I
积	I
构	I
造	E
保	B
存	E
较	B
好	E
、	S
可	S
恢	B
复	E
地	B
层	I
层	I
序	E
的	S
地	B
层	I
区	E
。	S


基	B
底	I
褶	I
皱	E
发	B
育	E
，	S
多	S
属	S
紧	B
密	I
线	I
型	I
褶	I
皱	E
，	S
同	B
斜	E
、	S
倒	B
转	I
现	I
象	E
较	S
常	B
见	E
，	S
褶	B
皱	E
轴	B
向	E
以	S
近	B
东	I
西	I
向	E
至	S
北	B
东	I
东	I
向	E
为	B
主	E
，	S
盖	B
层	I
褶	I
皱	E
较	S
宽	B
缓	E
。	S


同	S
时	S
该	S
构	B
造	I
单	I
元	E
中	S
以	S
沿	B
南	I
界	E
大	B
量	E
发	B
育	E
晋	B
宁	I
期	I
堇	I
青	I
石	I
花	I
岗	I
闪	I
长	I
岩	E
为	S
特	B
色	E
。	S


断	B
裂	E
主	B
要	E
有	S
两	B
组	E
：	S
即	S
一	S
为	S
北	B
东	I
向	E
，	S
常	B
成	I
带	I
成	I
组	E
出	B
现	E
；	S
二	S
为	S
呈	S
北	B
东	I
东	I
向	E
且	S
向	B
南	E
凸	B
出	E
的	S
陆	B
缘	I
弧	I
形	I
大	I
断	I
裂	E
。	S


此	S
外	S
，	S
局	B
部	E
地	B
段	E
尚	S
发	B
育	E
有	S
北	B
西	I
向	E
断	B
裂	E
，	S
它	B
们	E
大	B
都	E
经	B
历	E
过	S
长	B
期	E
活	B
动	E
，	S
断	B
层	E
性	B
质	E
亦	S
经	S
多	B
次	E
转	B
变	E
。	S


二	S
、	S
构	B
造	I
形	I
迹	E
。	S


1	S
、	S
褶	B
皱	I
构	I
造	I
特	I
征	E
规	B
划	I
区	E
内	S
基	B
岩	E
主	B
要	E
出	B
露	E
于	S
赣	B
江	E
以	B
西	E
地	B
区	E
。	S


除	S
由	S
青	B
白	I
口	I
纪	E
牛	B
头	I
岭	E
组	B
成	E
一	B
系	I
列	E
北	B
东	I
东	E
至	S
北	B
东	E
走	B
向	E
的	S
单	B
斜	I
构	I
造	E
外	S
，	S
晚	B
白	I
垩	I
世	E
～	S
古	B
近	I
纪	I
红	I
色	I
岩	I
层	E
，	S
褶	B
皱	E
宽	B
缓	E
，	S
且	S
多	S
呈	S
近	B
东	I
西	E
走	B
向	E
。	S


其	S
它	S
地	B
层	E
，	S
均	S
分	B
布	E
零	B
星	E
，	S
褶	B
曲	I
形	I
态	E
不	S
明	B
显	E
。	S


据	S
有	B
关	E
钻	B
孔	E
资	B
料	E
分	B
析	E
：	S
第	B
四	I
系	I
覆	I
盖	I
层	E
以	S
下	S
的	S
白	B
垩	I
系	E
及	S
古	B
新	I
世	I
基	I
岩	E
中	S
存	B
在	E
着	S
一	B
些	E
北	B
东	I
向	E
、	S
近	B
南	I
北	I
向	E
和	S
北	B
北	I
西	I
向	E
缓	B
倾	I
斜	I
背	E
、	S
向	B
斜	I
构	I
造	E
。	S


北	B
东	I
向	E
褶	B
皱	E
主	B
要	E
有	S
：	S
八	B
一	I
桥	I
-	E
江	B
西	I
树	I
脂	I
厂	I
向	I
斜	E
、	S
龚	B
家	I
-	I
许	I
梁	I
村	I
背	I
斜	E
及	S
罗	B
村	I
-	I
熊	I
家	I
村	I
向	I
斜	E
，	S
相	B
间	E
展	B
布	E
于	S
断	B
陷	I
盆	I
地	E
北	B
侧	E
的	S
南	B
昌	I
市	E
以	B
东	E
地	B
区	E
。	S


据	S
钻	B
孔	E
资	B
料	E
，	S
组	B
成	E
背	B
、	E
向	B
斜	E
的	S
古	B
新	I
世	I
底	I
部	I
砾	I
岩	I
标	I
志	I
层	E
，	S
海	B
拔	E
标	B
高	E
分	B
别	E
为	S
-	B
4	I
5	I
0	E
、	S
-	B
2	I
5	I
0	E
及	S
-	B
2	I
9	I
0	I
m	E
左	B
右	E
，	S
产	B
状	E
都	S
较	B
为	E
平	B
缓	E
，	S
属	S
波	B
状	I
平	I
缓	I
褶	I
皱	E
。	S


2	S
、	S
断	B
裂	I
构	I
造	E
特	B
征	E
规	B
划	I
区	E
内	S
断	B
裂	I
构	I
造	E
甚	B
为	E
发	B
育	E
，	S
据	S
地	B
质	E
、	S
物	B
探	E
和	S
遥	B
感	I
影	I
象	E
解	B
译	E
资	B
料	E
的	S
综	B
合	E
分	B
析	E
，	S
按	S
断	B
裂	I
带	E
延	B
伸	E
方	B
向	E
大	B
体	E
可	S
划	B
分	E
为	S
北	B
东	E
走	B
向	E
、	S
北	B
北	I
东	E
走	B
向	E
、	S
北	B
西	I
走	I
向	E
及	S
北	B
北	I
西	E
走	B
向	E
，	S
四	B
组	E
断	B
裂	E
为	B
主	E
。	S


由	S
于	S
规	B
划	I
区	E
内	S
第	B
四	I
系	E
十	B
分	E
发	B
育	E
，	S
大	B
多	I
数	E
断	B
裂	E
为	S
隐	B
伏	I
断	I
裂	E
，	S
系	S
根	B
据	E
地	B
貌	E
、	S
物	B
探	E
、	S
遥	B
感	E
等	S
资	B
料	E
综	B
合	E
解	B
译	E
而	S
成	S
。	S


从	S
形	B
成	E
时	B
间	E
上	S
来	S
看	S
，	S
北	B
东	I
向	E
和	S
近	S
东	B
西	I
向	I
断	I
裂	I
带	E
最	B
早	E
形	B
成	E
，	S
北	B
西	I
向	I
断	I
裂	I
带	E
最	B
晚	E
形	B
成	E
。	S


现	S
将	S
各	B
组	E
断	B
裂	E
的	S
综	B
合	I
特	I
征	E
简	B
述	E
如	S
下	S
（	S
表	B
表	I
3	I
-	I
4	E
南	B
昌	I
市	I
断	I
裂	E
特	B
征	E
一	B
览	I
表	E
。	S


（	S
1	S
）	S
北	B
东	I
向	E
断	B
裂	E
野	B
鸡	I
岗	I
-	I
汪	I
家	I
断	I
层	E
：	S
断	B
层	E
大	B
致	E
位	B
于	E
青	B
白	I
口	I
纪	I
片	I
麻	I
岩	E
与	S
千	B
枚	I
岩	E
之	B
间	E
，	S
展	B
布	E
于	S
南	B
源	E
、	S
张	B
家	I
山	E
、	S
新	B
屋	E
、	S
南	B
昌	I
砂	I
石	I
采	I
石	I
场	E
、	S
东	B
边	I
山	E
、	S
南	B
山	E
及	S
汪	B
家	I
一	I
带	E
，	S
全	B
长	E
1	B
5	I
k	I
m	E
，	S
总	B
体	E
走	B
向	E
4	B
0	I
°	E
左	B
右	E
，	S
平	B
面	E
展	B
布	E
呈	S
舒	B
缓	I
波	I
状	E
，	S
倾	B
向	E
南	B
东	E
，	S
倾	B
角	E
2	B
0	I
°	I
-	I
6	I
0	I
°	E
。	S


主	B
要	E
表	B
现	E
为	S
南	B
东	E
向	S
北	B
西	I
向	E
逆	B
冲	E
的	S
缓	B
倾	I
斜	I
断	I
层	E
。	S


南	B
东	I
侧	E
的	S
千	B
枚	I
岩	E
直	B
接	E
逆	B
覆	E
于	S
北	B
西	I
侧	E
片	B
麻	I
岩	E
之	S
上	S
，	S
断	B
裂	I
带	E
中	S
岩	B
石	E
具	S
有	S
强	B
烈	E
的	S
挤	B
压	I
破	I
碎	E
和	S
片	B
理	I
化	E
现	B
象	E
，	S
并	S
有	S
大	B
量	E
石	B
英	I
脉	E
充	B
填	E
。	S


断	B
层	E
两	B
侧	E
具	S
有	S
一	B
定	E
的	S
分	B
带	E
现	B
象	E
，	S
断	B
层	E
南	B
东	I
侧	E
依	B
次	E
可	S
大	B
致	E
分	S
为	S
强	B
、	E
弱	B
两	I
个	E
挤	B
压	I
片	I
理	I
化	I
带	E
；	S
强	B
片	I
理	I
化	I
带	E
，	S
带	B
宽	E
约	B
3	I
0	I
m	E
，	S
片	B
理	E
比	B
较	E
发	B
育	E
，	S
其	B
中	E
石	B
英	I
颗	I
粒	E
具	S
明	B
显	E
挤	B
压	I
拉	I
长	I
现	I
象	E
；	S
弱	B
片	I
理	I
化	I
带	E
，	S
带	B
宽	E
约	B
3	I
0	I
0	I
米	E
，	S
片	B
理	E
不	B
甚	E
发	B
育	E
，	S
。	S


是	S
一	B
条	E
经	B
过	E
长	B
期	E
多	B
次	I
活	I
动	E
的	S
断	B
层	E
或	S
断	B
裂	I
带	E
。	S


乌	B
沙	I
脑	I
～	I
乐	I
化	I
断	I
层	E
：	S
展	B
布	E
于	S
乌	B
沙	I
脑	E
、	S
枫	B
林	E
、	S
老	B
屋	I
袭	E
及	S
乐	B
化	E
等	S
地	S
，	S
出	B
露	E
于	S
梅	B
岭	I
山	I
地	E
与	S
昌	B
北	I
丘	I
陵	I
地	I
区	E
的	S
交	B
界	I
处	E
，	S
在	S
规	B
划	I
区	E
内	S
延	B
伸	E
长	B
约	I
1	I
5	I
k	I
m	E
，	S
总	B
体	E
走	B
向	E
4	B
0	I
°	E
左	B
右	E
，	S
倾	B
角	E
陡	B
峻	E
。	S


另	S
据	S
有	B
关	E
地	B
质	E
观	B
察	E
资	B
料	E
，	S
该	S
断	B
层	E
的	S
东	B
北	I
段	E
，	S
尚	S
具	S
有	S
压	B
剪	E
与	S
张	B
剪	E
的	S
改	B
造	I
复	I
合	I
现	I
象	E
。	S


因	S
此	S
它	S
可	B
能	E
为	S
一	B
条	E
先	B
经	I
压	I
剪	E
，	S
再	S
经	B
张	I
剪	I
作	I
用	E
的	S
多	B
次	I
活	I
动	E
的	S
断	B
裂	I
带	E
。	S


瀛	B
上	I
-	I
鱼	I
目	I
山	I
-	I
前	I
山	I
砖	I
瓦	I
厂	I
断	I
层	E
：	S
展	B
布	E
于	S
瀛	B
上	E
、	S
鱼	B
目	I
山	E
、	S
前	B
山	E
及	S
石	B
头	I
池	I
伍	I
家	E
等	S
地	S
。	S


断	B
层	E
主	B
体	E
走	B
向	E
4	B
0	I
°	E
左	B
右	E
，	S
局	B
部	E
走	B
向	E
变	B
化	E
于	S
2	B
0	I
～	I
7	I
0	I
°	E
之	B
间	E
，	S
在	S
规	B
划	I
区	E
内	S
延	B
伸	E
长	B
约	I
1	I
0	I
k	I
m	E
。	S


断	B
层	E
破	B
碎	I
带	E
宽	B
度	E
一	B
般	E
为	S
2	B
0	I
～	I
3	I
0	I
m	E
，	S
局	B
部	E
可	B
达	E
2	B
0	I
0	I
余	I
米	E
。	S


位	B
于	E
青	B
白	I
口	I
纪	E
牛	B
头	I
岭	I
组	E
与	S
新	B
余	I
组	E
"	S
红	B
层	E
"	S
之	S
间	S
，	S
呈	S
舒	B
缓	I
波	I
状	E
。	S


断	B
层	E
产	B
状	E
主	B
要	E
有	S
两	B
组	E
：	S
一	B
组	E
位	B
于	E
"	S
红	B
层	E
"	S
与	S
千	B
枚	I
岩	E
之	S
间	S
，	S
断	B
层	I
面	E
倾	B
向	E
北	B
西	E
，	S
倾	B
角	E
变	B
化	E
较	S
大	S
，	S
似	S
有	S
上	B
陡	E
、	S
下	B
缓	E
的	S
趋	B
势	E
；	S
另	S
一	B
组	E
位	B
于	E
上	B
述	E
断	B
层	E
邻	B
近	E
的	S
干	B
枚	I
岩	E
中	S
，	S
是	S
由	S
一	B
系	I
列	E
断	B
面	E
倾	B
向	E
南	B
东	E
的	S
叠	B
瓦	I
式	I
冲	I
断	I
层	E
所	S
组	B
成	E
。	S


并	S
在	S
该	S
断	B
层	E
西	B
北	I
侧	E
之	S
千	B
枚	I
岩	I
层	E
中	S
，	S
形	B
成	E
一	B
系	I
列	E
反	B
向	E
的	S
逆	B
冲	I
断	I
裂	I
带	E
，	S
断	B
面	E
倾	B
向	E
南	B
东	E
，	S
倾	B
角	E
变	B
化	E
于	S
3	B
5	I
°	I
～	I
7	I
5	I
°	E
之	S
间	S
。	S


根	B
据	E
上	B
述	E
情	B
况	E
分	B
析	E
，	S
该	S
断	B
裂	I
带	E
的	S
形	B
成	E
及	S
其	S
力	B
学	E
性	B
质	E
是	S
极	B
为	E
复	B
杂	E
的	S
，	S
早	B
期	I
系	E
由	S
南	B
东	E
向	S
北	B
西	E
方	B
向	E
逆	B
冲	E
，	S
晚	B
期	E
逆	B
冲	E
方	B
向	E
恰	B
恰	E
相	B
反	E
。	S


从	B
而	E
反	B
映	E
了	S
该	S
断	B
裂	I
带	E
是	S
经	B
过	E
了	S
多	B
期	I
次	E
的	S
断	B
裂	I
活	I
动	E
和	S
力	B
学	I
性	I
质	E
的	S
多	B
次	I
转	I
化	E
。	S


图	B
3	I
-	I
1	I
1	I
D	I
1	I
9	I
1	I
0	I
5	I
8	I
-	I
Z	I
P	I
1	I
构	I
造	I
角	I
砾	I
岩	E
图	B
3	I
-	I
1	I
2	I
D	I
1	I
9	I
1	I
0	I
5	I
8	I
-	I
Z	I
P	I
1	I
构	I
造	I
碎	I
裂	I
岩	E
。	S


镜	B
头	I
方	I
向	E
4	B
0	I
°	E
镜	B
头	I
方	I
向	E
4	B
0	I
°	I
中	I
段	E
之	S
木	B
鱼	I
山	I
一	I
带	E
，	S
由	S
于	S
第	B
四	I
系	I
覆	I
盖	E
，	S
虽	S
未	S
见	S
及	S
新	B
余	I
组	I
红	I
层	E
和	S
牛	B
头	I
岭	I
组	I
千	I
枚	I
岩	E
的	S
直	B
接	I
断	I
层	I
关	I
系	E
，	S
但	S
在	S
断	B
层	E
北	B
西	I
侧	E
的	S
牛	B
头	I
岭	I
千	I
枚	I
岩	E
中	S
，	S
片	B
理	E
发	B
育	E
，	S
产	B
状	E
紊	B
乱	E
，	S
扭	B
曲	E
厉	B
害	E
，	S
且	S
具	S
强	B
烈	E
硅	B
化	I
破	I
碎	E
和	S
铁	B
染	I
现	I
象	E
。	S


据	S
此	S
分	B
析	E
，	S
该	S
断	B
裂	I
带	E
在	S
第	B
四	I
纪	E
的	S
晚	B
近	I
时	I
期	E
仍	B
有	E
活	B
动	E
。	S


西	B
南	I
段	E
之	S
赢	B
上	I
一	I
带	E
，	S
露	B
头	E
亦	S
较	S
好	S
，	S
断	B
层	E
西	B
北	I
侧	E
之	S
千	B
枚	I
岩	E
中	S
，	S
发	B
育	E
有	S
一	B
系	I
列	E
由	S
次	B
级	I
断	I
裂	E
所	S
组	B
成	E
的	S
断	B
裂	I
破	I
碎	I
带	E
，	S
宽	B
约	E
2	B
0	I
0	I
余	I
米	E
，	S
并	S
为	S
石	B
英	I
脉	E
所	S
充	B
填	E
，	S
其	S
中	B
片	I
理	I
化	E
和	S
柔	B
皱	I
作	I
用	E
都	S
非	B
常	E
发	B
育	E
，	S
断	B
层	E
南	B
东	I
侧	E
出	B
露	E
有	S
新	B
余	I
组	I
紫	I
红	I
色	I
砂	I
砾	I
岩	I
层	E
，	S
二	S
者	S
呈	S
断	B
层	I
接	I
触	E
。	S


上	B
述	E
断	B
层	E
或	S
断	B
裂	I
带	E
的	S
地	B
球	E
物	B
理	I
特	I
征	E
，	S
不	B
仅	E
具	B
有	E
一	S
明	B
显	E
的	S
近	B
北	I
东	I
走	I
向	E
重	B
力	I
梯	I
度	I
带	E
，	S
而	B
且	E
在	S
木	B
鱼	I
山	I
地	I
段	E
有	S
航	B
磁	E
异	B
常	E
存	B
在	E
，	S
在	S
地	B
貌	E
上	S
亦	S
有	S
明	B
显	E
的	S
反	B
映	E
，	S
不	B
仅	E
局	B
部	E
形	B
成	E
了	S
北	B
东	E
延	B
伸	E
的	S
直	B
线	I
状	I
山	I
脊	E
及	S
断	B
层	I
陡	I
崖	E
，	S
而	B
且	E
局	B
部	E
控	B
制	E
了	S
湖	B
泊	E
、	S
洼	B
地	E
和	S
河	B
流	E
的	S
流	B
向	E
。	S


综	B
上	E
所	S
述	S
，	S
该	S
断	B
层	E
或	S
断	B
裂	I
带	E
，	S
不	B
仅	E
规	B
模	E
巨	B
大	E
，	S
而	B
且	E
甚	B
为	E
复	B
杂	E
，	S
且	S
经	S
长	B
期	E
多	B
次	E
活	B
动	E
，	S
断	B
层	E
产	B
状	E
及	S
其	S
力	B
学	E
性	B
质	E
亦	S
几	B
经	E
更	B
迭	E
，	S
近	B
期	E
仍	S
有	S
活	B
动	E
迹	B
象	E
。	S


是	S
一	B
条	E
极	B
为	E
重	B
要	E
的	S
断	B
层	E
或	S
断	B
裂	I
带	E
。	S


（	S
2	S
）	S
北	B
西	I
向	E
断	B
裂	E
梅	B
岭	I
头	I
断	I
层	E
：	S
展	B
布	E
于	S
梅	B
岭	I
头	E
、	S
岭	B
下	E
等	S
地	S
之	S
花	B
岗	I
岩	I
体	E
中	S
，	S
断	B
续	E
延	B
长	E
5	B
k	I
m	E
以	S
上	S
，	S
是	S
由	S
一	B
系	I
列	E
平	B
行	I
小	I
断	I
层	E
组	B
成	E
，	S
断	B
层	E
总	B
体	E
走	B
向	E
3	B
0	I
0	I
°	E
左	B
右	E
，	S
大	B
都	E
倾	B
向	E
南	B
西	E
，	S
倾	B
角	E
7	B
0	I
°	I
～	I
8	I
0	I
°	E
。	S


断	B
层	E
带	S
有	S
绿	B
泥	I
石	I
化	E
和	S
铁	B
染	I
现	I
象	E
，	S
并	S
有	S
岩	B
脉	E
侵	B
入	E
，	S
且	S
明	B
显	E
地	S
切	B
割	E
了	S
北	B
北	I
东	I
向	E
断	B
层	E
，	S
属	S
压	B
剪	I
性	I
断	I
层	E
。	S


坪	B
上	I
熊	I
家	E
-	B
张	I
家	I
山	I
断	I
层	E
：	S
展	B
布	E
于	S
坪	B
上	I
熊	I
家	E
、	S
黄	B
杨	I
村	E
、	S
张	B
家	I
山	E
一	B
带	E
，	S
延	B
伸	E
长	B
约	E
2	B
.	I
5	I
k	I
m	E
，	S
总	B
体	E
走	B
向	E
3	B
1	I
0	I
°	E
左	B
右	E
，	S
倾	B
向	E
南	B
西	E
，	S
倾	B
角	E
6	B
0	I
～	I
7	I
5	I
°	E
。	S


它	S
是	S
由	S
一	B
系	I
列	E
北	B
西	I
向	E
小	B
断	I
层	E
组	B
成	E
，	S
在	S
航	B
空	I
象	I
片	E
上	S
反	B
映	E
为	S
一	B
系	I
列	E
北	B
西	I
向	E
的	S
沟	B
谷	E
和	S
山	B
脊	E
。	S


据	S
断	B
层	E
两	B
侧	E
位	B
移	E
方	B
向	E
分	B
析	E
，	S
其	S
南	B
西	I
盘	E
相	B
对	E
往	S
北	B
西	I
方	I
向	E
位	B
移	E
，	S
可	B
能	E
为	S
一	B
压	I
剪	E
的	S
平	B
移	I
断	I
层	E
。	S


（	S
3	S
）	S
北	B
北	E
东	B
向	E
断	B
裂	I
坪	I
上	I
熊	I
家	I
—	I
老	I
鹰	I
脑	E
一	B
带	E
断	B
层	E
：	S
长	B
约	E
3	B
.	I
5	I
k	I
m	E
，	S
总	B
体	E
走	B
向	E
2	B
0	I
°	E
，	S
倾	B
角	E
陡	B
峻	E
，	S
地	B
貌	E
上	S
为	S
一	S
平	B
直	E
的	S
沟	B
谷	I
陡	I
崖	E
，	S
两	B
侧	E
花	B
岗	I
质	I
岩	I
岩	I
石	E
具	S
有	S
强	B
烈	I
硅	I
化	E
、	S
退	B
色	I
化	E
和	S
糜	B
棱	I
岩	I
化	E
。	S


构	B
造	I
岩	E
中	S
的	S
石	B
英	E
不	B
仅	E
具	B
有	E
强	B
烈	E
的	S
波	B
状	I
消	I
光	E
，	S
而	S
且	S
亚	B
颗	I
粒	E
发	B
育	E
，	S
属	S
压	B
剪	I
断	I
裂	E
。	S


坎	B
上	I
-	I
鱼	I
子	I
背	I
断	I
层	E
：	S
展	B
布	E
于	S
坎	B
上	I
-	I
鱼	I
子	I
背	I
一	I
带	E
，	S
长	B
约	E
4	B
k	I
m	E
，	S
总	B
体	E
走	B
向	E
2	B
0	I
°	E
，	S
倾	B
角	E
陡	B
峻	E
。	S


主	B
要	E
特	B
征	E
是	S
，	S
沿	S
该	S
断	B
层	E
之	S
花	B
岗	I
岩	I
体	E
中	S
，	S
形	B
成	E
宽	B
约	I
2	I
0	I
c	I
m	E
的	S
断	B
层	I
泥	I
砾	I
带	E
，	S
并	S
具	S
钾	B
长	I
石	I
化	E
（	S
图	B
3	I
-	I
1	I
3	E
）	S
或	S
钠	B
长	I
石	I
化	E
，	S
据	S
该	S
断	B
层	I
面	I
上	E
多	B
组	E
不	B
同	I
倾	I
角	E
之	S
擦	B
痕	E
（	S
图	B
3	I
-	I
1	I
4	E
）	S
分	B
析	E
，	S
可	B
能	E
为	S
一	S
多	B
次	I
活	I
动	E
的	S
压	B
剪	I
断	I
裂	E
。	S


图	B
3	I
-	I
1	I
3	I
Q	I
1	I
9	I
1	I
0	I
0	I
1	I
钾	I
化	I
镜	I
头	E
方	B
向	E
5	B
0	I
°	E
图	B
3	I
-	I
1	I
4	I
Q	I
1	I
9	I
1	I
0	I
0	I
1	I
擦	I
痕	I
镜	I
头	E
方	B
向	E
3	B
4	I
0	I
°	E
。	S


（	S
4	S
）	S
北	B
东	I
东	I
向	E
断	B
裂	E
熊	B
家	I
岭	I
-	I
小	I
汪	I
家	I
断	I
层	E
：	S
出	B
露	E
于	S
基	B
岩	I
地	I
区	E
的	S
熊	B
家	I
岭	I
—	I
小	I
汪	I
家	I
一	I
带	E
。	S


断	B
层	E
延	B
伸	E
长	B
约	E
6	B
k	I
m	E
，	S
总	B
体	E
走	B
向	E
6	B
0	I
°	E
，	S
倾	B
向	E
南	B
东	E
，	S
倾	B
角	E
约	B
4	I
5	I
°	E
。	S


断	B
层	E
的	S
西	B
南	I
段	E
，	S
尚	B
见	E
有	S
三	B
条	E
与	S
之	S
平	B
行	E
的	S
滑	B
动	I
裂	I
面	E
，	S
裂	B
面	E
上	S
发	B
育	E
有	S
1	B
0	I
～	I
4	I
0	I
c	I
m	E
的	S
“	B
糜	I
棱	I
岩	I
带	I
”	E
，	S
硅	B
化	E
、	S
碎	B
裂	E
现	B
象	E
亦	S
甚	S
明	B
显	E
，	S
且	S
有	S
少	B
量	E
石	B
英	I
脉	E
穿	B
插	E
；	S
断	B
层	E
北	B
东	I
段	E
见	S
有	S
宽	B
约	E
5	B
0	I
m	E
的	S
硅	B
化	I
破	I
碎	I
带	E
。	S


该	S
断	B
层	E
有	S
糜	B
棱	I
岩	I
化	I
现	I
象	E
，	S
又	S
有	S
硅	B
化	I
破	I
碎	I
现	I
象	E
，	S
可	B
能	E
属	S
多	B
期	I
次	I
活	I
动	E
的	S
张	B
剪	I
性	I
复	I
合	I
断	I
层	E
。	S


3	S
、	S
隐	B
伏	I
断	I
裂	E
据	S
遥	B
感	I
影	I
像	I
解	I
译	E
和	S
地	B
球	I
物	I
理	I
资	I
料	E
的	S
综	B
合	E
分	B
析	E
，	S
南	B
昌	I
断	I
陷	I
盆	I
地	E
中	S
发	B
育	E
有	S
多	B
组	E
隐	B
伏	E
或	S
半	B
隐	I
伏	I
断	I
裂	E
。	S


在	S
本	S
工	B
作	I
区	E
主	B
要	E
以	S
北	B
北	I
西	I
向	E
断	B
裂	E
为	B
主	E
。	S


杨	B
家	I
洲	E
～	S
蛟	B
溪	I
村	E
断	B
裂	I
带	E
：	S
主	B
要	E
展	B
布	E
于	S
蛟	B
溪	I
村	E
、	S
莲	B
塘	E
、	S
杨	B
家	I
洲	E
及	S
赢	B
上	E
等	S
地	S
，	S
延	B
伸	E
长	B
约	I
2	I
9	I
k	I
m	E
。	S


总	S
之	S
，	S
这	S
一	S
规	B
模	E
巨	B
大	E
的	S
隐	B
伏	I
断	I
裂	I
带	E
在	S
卫	B
星	E
图	B
象	E
上	S
具	B
有	E
清	B
晰	E
的	S
线	B
性	I
影	I
象	E
特	B
征	E
。	S


4	S
、	S
凸	B
起	E
、	S
凹	B
陷	E
南	B
昌	I
规	I
划	I
区	E
内	S
南	B
东	E
的	S
广	B
大	E
地	B
区	E
，	S
为	S
一	B
白	I
垩	I
纪	E
以	S
来	S
的	S
断	B
陷	I
盆	I
地	E
，	S
它	S
属	S
鄱	B
阳	I
断	I
(	E
或	S
拗	B
〉	I
陷	I
盆	I
地	E
的	S
一	B
部	I
分	E
。	S


晚	B
白	I
垩	I
纪	E
及	S
早	B
第	I
三	I
纪	I
沉	I
积	E
厚	B
度	E
较	S
大	S
，	S
并	S
有	S
由	B
西	E
向	S
东	B
渐	E
趋	S
加	B
厚	E
的	S
趋	B
势	E
。	S


据	S
南	B
昌	I
地	I
区	E
一	B
比	I
五	I
万	I
布	I
格	I
重	I
力	E
资	B
料	E
分	B
析	E
：	S
规	B
划	I
区	E
内	S
存	B
在	E
二	B
个	E
近	B
南	I
北	I
向	E
凹	B
陷	E
。	S


主	B
要	E
有	S
：	S
（	S
1	S
）	S
青	B
山	I
湖	E
凹	B
陷	E
，	S
呈	S
北	B
东	I
东	I
向	E
椭	B
圆	I
状	E
展	B
布	E
于	S
贤	B
士	I
湖	E
、	S
青	B
山	I
湖	E
及	S
胡	B
公	I
庙	E
等	S
地	S
，	S
重	B
力	E
最	B
低	I
值	E
为	S
0	B
.	I
9	I
m	I
g	I
l	E
；	S
（	S
2	S
）	S
璜	B
溪	I
—	I
塘	I
山	I
凹	I
陷	E
，	S
呈	S
北	B
东	I
东	I
透	I
镜	I
状	E
展	B
布	E
于	S
横	B
溪	E
、	S
省	B
庄	E
和	S
新	B
建	E
以	B
南	E
地	B
区	E
，	S
重	B
力	E
最	B
低	I
值	E
分	B
别	E
为	S
0	B
.	I
5	I
m	I
g	I
l	E
。	S


三	S
、	S
韧	B
性	I
剪	I
切	I
变	I
形	I
构	I
造	E
。	S


区	B
内	E
在	S
造	B
山	I
过	I
程	E
中	S
，	S
产	B
生	E
褶	B
皱	E
及	S
韧	B
性	I
变	I
形	I
作	I
用	E
，	S
发	B
育	E
了	S
一	B
系	I
列	E
韧	B
性	I
剪	I
切	I
带	E
，	S
经	S
研	B
究	E
，	S
它	B
们	E
在	S
宏	B
观	I
特	I
征	E
及	S
微	B
观	I
变	I
形	I
特	I
点	E
上	S
既	S
有	S
相	B
似	E
之	B
处	E
，	S
又	S
各	B
具	E
特	B
点	E
，	S
形	B
成	E
时	B
代	E
及	S
环	B
境	E
亦	S
有	S
差	B
异	E
。	S


韧	B
性	I
剪	I
切	I
带	E
及	S
其	S
间	S
所	S
夹	B
特	E
的	S
弱	B
应	I
变	I
步	I
体	E
有	S
规	B
律	E
的	S
组	B
合	E
。	S


它	S
代	B
表	E
了	S
九	B
岭	I
造	I
山	I
带	E
在	S
碰	B
撞	I
造	I
山	I
阶	I
段	E
的	S
演	B
化	I
过	I
程	E
中	S
不	B
同	E
尺	B
度	E
的	S
构	B
造	I
软	I
化	I
带	E
〈	S
局	B
部	I
软	I
化	I
带	E
〉	S
与	S
弱	B
应	I
变	I
块	I
体	E
。	S


石	B
英	E
具	S
塑	B
性	I
变	I
形	E
和	S
波	B
状	I
消	I
光	E
，	S
在	S
其	S
边	B
缘	E
除	S
见	S
有	S
亚	B
颗	I
粒	E
外	S
，	S
尚	S
有	S
部	B
分	E
碎	B
裂	E
和	S
粒	B
化	E
现	B
象	E
，	S
长	B
石	E
因	S
碎	B
裂	E
而	S
呈	S
锯	B
齿	I
状	E
或	S
碎	B
斑	I
状	E
；	S
C	B
、	E
糜	B
棱	I
化	I
花	I
岗	I
岩	I
带	E
，	S
位	B
于	E
韧	B
性	I
剪	I
切	I
带	E
的	S
北	B
西	I
侧	E
，	S
宽	B
约	E
2	B
0	I
0	I
～	I
3	I
0	I
0	I
m	E
。	S


其	B
中	E
石	B
英	I
塑	I
变	E
拉	B
长	E
现	B
象	E
明	B
显	E
，	S
长	B
宽	I
轴	I
比	E
为	S
4	B
:	I
1	E
，	S
并	S
具	S
波	B
状	I
消	I
光	E
，	S
亚	B
颗	I
粒	E
较	S
发	B
育	E
，	S
黑	B
云	I
母	E
多	S
呈	S
定	B
向	I
排	I
列	E
，	S
构	S
成	S
片	B
麻	I
状	I
构	I
造	E
。	S


虽	B
然	E
南	B
源	I
—	I
汪	I
家	I
韧	I
性	I
剪	I
切	I
带	E
是	S
沿	B
着	E
梅	B
岭	I
花	I
岗	I
岩	I
体	I
外	I
接	I
触	I
带	E
发	B
生	E
，	S
但	S
剪	B
切	I
带	E
的	S
产	B
状	E
与	S
岩	B
体	I
边	I
缘	I
混	I
合	I
片	I
麻	I
岩	E
的	S
产	B
状	E
具	B
有	E
一	B
定	E
的	S
差	B
异	E
。	S


故	S
该	S
韧	B
性	I
剪	I
切	I
带	E
应	S
发	B
生	E
于	S
花	B
岗	I
岩	I
体	I
边	I
缘	I
交	I
代	I
混	I
合	I
作	I
用	E
后	S
。	S


同	S
时	S
又	S
经	B
历	E
多	B
次	E
的	S
脆	B
性	I
断	I
裂	I
作	I
用	E
。	S


（	S
2	S
）	S
前	B
十	I
八	I
岭	I
—	I
熊	I
家	I
韧	I
性	I
剪	I
切	I
带	E
：	S
出	B
露	E
于	S
梅	B
岭	I
花	I
岗	I
岩	I
体	E
中	S
，	S
展	B
布	E
于	S
前	B
十	I
八	I
岭	E
、	S
六	B
仙	I
岩	E
、	S
熊	B
家	I
岭	E
、	S
胡	B
家	E
、	S
黄	B
皮	I
脑	E
及	S
熊	B
家	I
一	I
带	E
。	S


区	B
内	E
延	B
伸	E
长	B
约	E
8	B
K	I
m	E
，	S
各	B
地	E
宽	B
窄	E
不	B
一	E
，	S
最	B
宽	E
可	B
达	E
1	B
0	I
0	I
0	I
米	E
，	S
在	S
前	B
十	I
八	I
岭	I
公	I
路	E
旁	S
，	S
宽	B
仅	E
3	B
5	I
米	E
。	S


平	B
面	E
上	S
呈	S
舒	B
缓	I
波	I
状	E
，	S
总	B
体	E
走	B
向	E
北	B
东	E
，	S
倾	B
向	E
南	B
东	E
，	S
倾	B
角	E
2	B
5	I
°	I
～	I
5	I
0	I
°	E
之	B
间	E
。	S


分	B
带	E
不	S
明	B
显	E
，	S
据	S
梅	B
岭	I
公	I
路	E
旁	B
侧	E
观	B
察	E
，	S
中	B
部	E
为	S
强	B
糜	I
棱	I
岩	I
化	I
带	E
，	S
两	B
侧	E
渐	B
变	E
为	S
弱	B
糜	I
棱	I
岩	I
化	I
带	E
。	S


（	S
3	S
）	S
梅	B
岭	I
头	I
韧	I
性	I
剪	I
切	I
带	E
：	S
出	B
露	E
于	S
梅	B
岭	I
花	I
岗	I
岩	I
体	E
中	S
，	S
延	B
伸	E
长	B
度	E
仅	S
2	B
公	I
里	E
，	S
带	B
宽	E
约	B
3	I
0	I
米	E
，	S
倾	B
向	E
南	B
东	E
，	S
倾	B
角	E
4	B
5	I
°	E
，	S
由	S
片	B
理	I
化	I
糜	I
棱	I
花	I
岗	I
岩	E
组	B
成	E
，	S
向	S
两	B
侧	E
逐	B
渐	E
减	B
弱	E
，	S
然	S
后	S
过	B
渡	E
为	S
正	B
常	E
的	S
花	B
岗	I
闪	I
长	I
岩	E
。	S


四	S
、	S
新	B
构	I
造	I
运	I
动	E
。	S


第	B
四	I
系	E
以	S
来	S
，	S
据	S
现	B
有	E
资	B
料	E
分	B
析	E
，	S
挽	B
近	I
时	I
期	E
，	S
区	B
内	E
仍	S
有	S
不	B
同	E
形	B
式	E
和	S
不	B
同	E
程	B
度	E
的	S
构	B
造	I
活	I
动	E
，	S
主	B
要	E
反	B
映	E
为	S
某	B
些	E
断	B
裂	E
或	S
断	B
裂	I
带	E
的	S
挽	B
近	I
活	I
动	E
，	S
多	B
次	E
的	S
微	B
震	I
作	I
用	E
和	S
不	B
同	E
区	B
段	E
的	S
差	B
异	I
升	I
降	I
运	I
动	E
。	S


据	S
前	S
所	S
述	S
，	S
北	B
东	E
走	B
向	E
的	S
赢	B
上	I
～	I
西	I
河	I
砖	I
瓦	I
厂	I
断	I
裂	I
带	E
，	S
北	B
北	I
西	E
走	B
向	E
的	S
杨	B
家	I
洲	I
～	I
蛟	I
溪	I
村	I
断	I
裂	E
、	S
分	B
别	E
割	B
切	E
了	S
第	B
四	I
系	E
或	S
控	B
制	E
了	S
泉	B
点	E
的	S
带	B
状	I
分	I
布	E
。	S


同	B
时	E
在	S
遥	B
感	I
影	I
象	E
和	S
地	B
貌	E
上	S
均	S
有	S
明	B
显	E
的	S
反	B
映	E
，	S
部	B
分	E
反	B
映	E
为	S
赋	B
水	I
断	I
裂	I
带	E
。	S


另	S
据	S
有	B
关	E
资	B
料	E
，	S
南	B
昌	I
地	I
区	E
自	S
公	B
元	I
3	I
1	I
9	I
年	E
至	S
1	B
9	I
4	I
9	I
年	E
，	S
曾	S
发	B
生	E
过	S
1	B
3	I
次	E
有	B
感	I
弱	I
震	E
（	S
据	S
地	B
方	I
志	E
记	B
载	E
)	S
。	S


昌	B
北	E
及	S
赣	B
江	E
西	B
岸	E
之	S
丘	B
陵	I
地	I
区	E
，	S
抬	B
升	E
幅	B
度	E
较	S
小	S
，	S
海	B
拔	E
标	B
高	E
一	B
般	E
为	S
4	B
0	I
～	I
5	I
0	I
m	E
之	B
间	E
，	S
残	B
坡	I
积	I
物	E
发	B
育	E
。	S


据	S
水	B
文	I
地	I
质	I
大	I
队	E
搜	B
集	E
的	S
长	B
江	I
水	I
利	I
委	I
员	I
会	E
二	B
等	I
水	I
准	I
测	I
量	E
资	B
料	E
，	S
环	B
波	I
阳	I
湖	E
有	S
两	B
期	E
测	B
量	E
成	B
果	E
，	S
第	B
一	I
期	E
成	B
果	E
自	S
1	B
9	I
5	I
5	I
年	E
至	S
1	B
9	I
5	I
6	I
年	E
施	B
测	E
，	S
第	B
二	I
期	E
成	B
果	E
自	S
1	B
9	I
7	I
3	I
年	I
5	I
月	E
至	S
1	B
9	I
7	I
7	I
年	I
6	I
月	E
施	B
测	E
，	S
结	B
果	E
表	B
明	E
，	S
昌	B
北	I
乐	I
化	I
地	I
区	E
1	B
9	I
5	I
5	I
年	E
至	S
1	B
9	I
7	I
7	I
年	E
间	S
平	B
均	E
上	B
升	E
速	B
率	E
为	S
+	B
0	I
.	I
1	I
0	I
5	I
m	I
m	I
/	I
年	E
。	S


赣	B
江	I
河	I
谷	E
以	B
东	E
地	B
区	E
，	S
以	S
缓	B
慢	I
升	I
降	E
的	S
振	B
荡	I
作	I
用	E
为	B
主	E
，	S
据	S
第	B
四	I
纪	I
沉	I
积	I
古	I
地	I
理	I
环	I
境	E
分	B
析	E
，	S
古	B
赣	I
江	I
河	I
道	E
，	S
具	S
有	S
左	B
→	I
右	I
→	I
左	I
→	I
右	I
反	I
复	I
摆	I
动	E
和	S
迁	B
移	E
的	S
总	S
趋	B
势	E
。	S


故	S
下	S
更	B
新	I
统	E
的	S
九	B
江	I
组	I
砾	I
石	I
堆	I
积	I
物	E
，	S
均	S
沿	B
着	E
赣	B
江	E
西	B
岸	E
的	S
丰	B
城	I
县	I
石	I
上	E
，	S
新	B
建	I
县	I
后	I
湖	E
、	S
昌	B
北	I
瀛	I
上	E
及	S
石	B
头	I
口	E
一	B
带	E
分	B
布	E
，	S
从	B
而	E
说	B
明	E
了	S
早	B
更	I
新	I
世	E
的	S
古	B
赣	I
江	E
河	B
道	E
，	S
大	B
致	E
是	S
沿	B
着	E
向	B
塘	E
、	S
莲	B
塘	E
、	S
南	B
昌	I
市	E
西	B
侧	E
鄱	B
阳	I
断	I
陷	I
盆	I
地	E
的	S
边	B
缘	E
通	B
过	E
。	S


中	B
更	I
新	I
世	E
，	S
由	B
于	E
西	B
部	E
相	B
对	E
缓	B
慢	E
抬	B
升	E
，	S
古	B
赣	I
江	E
河	B
道	E
已	S
向	B
东	E
迁	B
移	E
至	S
广	B
福	E
、	S
向	B
塘	E
、	S
罗	B
家	I
集	E
及	S
两	B
山	I
口	E
一	B
带	E
，	S
至	S
于	S
新	B
建	I
县	I
后	I
湖	I
地	I
区	E
的	S
中	B
更	I
新	I
统	I
进	I
贤	I
组	I
砾	I
石	I
层	E
，	S
可	B
能	E
为	S
当	B
时	E
赣	B
江	E
支	B
流	E
的	S
沉	B
积	I
物	E
。	S


晚	B
更	I
新	I
世	E
，	S
东	B
西	I
部	E
均	S
相	B
对	E
抬	B
升	E
，	S
中	B
部	E
相	B
对	E
下	B
降	E
，	S
故	S
当	B
时	E
的	S
古	B
赣	I
江	I
河	I
道	E
和	S
古	B
抚	I
河	I
河	I
道	E
，	S
可	B
能	E
汇	B
集	E
于	S
向	B
塘	I
～	I
莲	I
塘	E
一	B
带	E
，	S
从	S
而	S
形	B
成	E
了	S
上	B
更	I
新	I
统	I
莲	I
塘	I
组	E
。	S


至	S
全	B
新	I
世	E
，	S
向	B
塘	I
～	I
莲	I
塘	E
一	B
带	E
，	S
地	B
壳	E
相	B
对	E
缓	B
慢	E
抬	B
升	E
，	S
抚	B
河	E
与	S
赣	B
江	E
又	S
分	B
道	E
向	S
东	B
西	E
两	B
侧	E
迁	B
移	E
，	S
据	S
水	B
文	I
地	I
质	I
大	I
队	E
搜	B
集	E
的	S
长	B
江	I
水	I
利	I
委	I
员	I
会	E
二	B
等	I
水	I
准	I
测	I
量	E
资	B
料	E
表	B
明	E
，	S
南	B
昌	I
县	I
小	I
兰	I
至	E
老	B
福	I
山	E
一	B
带	E
有	S
一	S
小	B
沉	I
降	I
区	E
，	S
其	S
中	S
小	B
兰	I
地	I
区	E
1	B
9	I
5	I
5	I
年	E
至	S
1	B
9	I
7	I
7	I
年	I
间	E
平	B
均	E
沉	B
降	I
速	I
率	E
为	S
～	B
0	I
.	I
4	I
7	I
4	I
m	I
m	I
/	I
年	E
。	S


另	S
据	S
地	B
貌	E
观	B
测	E
资	B
料	E
，	S
解	B
放	I
后	E
的	S
三	B
十	I
多	I
年	E
来	S
，	S
生	B
米	I
街	E
～	S
八	B
一	I
桥	E
的	S
赣	B
江	E
、	S
河	B
道	E
，	S
系	S
由	B
东	E
向	B
西	E
，	S
逐	B
渐	E
迁	B
移	E
，	S
但	S
近	B
年	I
来	E
，	S
又	S
有	S
向	B
东	E
迁	B
移	E
的	S
趋	B
势	E
。	S


区	B
内	E
新	B
构	I
造	I
运	I
动	E
的	S
特	B
点	E
主	B
要	E
表	B
现	E
在	S
继	B
承	I
性	E
、	S
差	B
异	I
性	E
、	S
间	B
歇	I
性	E
、	S
新	B
生	I
性	E
四	B
个	E
方	B
面	E
，	S
继	B
承	I
性	E
反	B
映	E
在	S
本	B
区	E
活	B
动	I
断	I
裂	E
的	S
性	B
质	E
、	S
产	B
状	E
、	S
运	B
动	I
方	I
向	E
对	S
前	B
期	I
构	I
造	E
的	S
继	B
承	E
，	S
如	S
本	B
区	E
的	S
一	B
级	I
断	I
块	I
区	E
的	S
边	B
界	I
断	I
裂	E
就	S
是	S
在	S
早	B
期	I
断	I
裂	E
的	S
基	B
础	E
上	S
发	B
育	E
而	B
成	E
的	S
。	S


差	B
异	I
性	E
表	B
现	E
在	S
不	B
同	E
断	B
块	E
升	B
降	E
幅	B
度	E
上	S
的	S
差	B
异	E
，	S
或	S
上	B
升	I
区	E
局	B
部	E
下	B
降	E
，	S
下	B
降	I
区	E
局	B
部	E
上	B
升	E
。	S


如	S
赣	B
江	E
河	B
谷	E
以	B
西	E
地	B
区	E
，	S
以	S
抬	B
升	I
作	I
用	E
为	B
主	E
，	S
其	B
中	E
梅	B
岭	I
低	I
山	I
区	E
，	S
抬	B
升	E
幅	B
度	E
较	S
大	S
，	S
山	B
岭	E
陡	B
峻	E
、	S
河	B
谷	E
狭	B
小	E
，	S
坡	B
降	E
较	S
大	S
。	S


昌	B
北	E
及	S
赣	B
江	E
西	B
岸	E
之	S
丘	B
陵	I
地	I
区	E
，	S
抬	B
升	E
幅	B
度	E
较	S
小	S
，	S
残	B
坡	I
积	I
物	E
发	B
育	E
。	S


间	B
歇	I
性	E
表	B
现	E
在	S
联	B
汗	I
组	E
、	S
莲	B
塘	I
组	E
、	S
进	B
贤	I
组	E
分	B
别	E
组	B
成	E
Ⅰ	B
、	I
Ⅱ	I
、	E
Ⅲ	B
级	I
阶	I
地	E
和	S
沉	B
积	I
物	E
由	S
下	S
至	S
上	S
由	S
粗	B
变	I
细	E
的	S
韵	B
律	I
性	I
结	I
构	E
，	S
如	S
赣	B
县	I
组	E
的	S
二	B
元	I
结	I
构	E
，	S
由	S
砾	B
～	I
砂	E
、	S
由	B
粗	I
～	I
细	E
的	S
变	B
化	E
，	S
在	S
1	B
.	I
5	I
m	E
厚	S
的	S
沉	B
积	I
物	E
中	S
见	S
有	S
9	B
个	E
韵	B
律	I
层	E
。	S


新	B
生	I
性	E
表	B
现	E
在	S
区	B
内	E
的	S
新	B
生	I
断	I
裂	E
，	S
如	S
进	B
贤	I
组	E
中	S
的	S
断	B
裂	E
，	S
控	B
制	I
区	E
内	S
南	B
部	E
湖	B
泊	E
的	S
北	B
北	I
东	I
向	E
断	B
裂	E
等	S
。	S


